country,iso2c,iso3c,year,status,lastupdated,NE.TRD.GNFS.ZS,NY.GDP.MKTP.CD,NE.EXP.GNFS.ZS,NE.IMP.GNFS.ZS,region,capital,longitude,latitude,income,lending
China,CN,CHN,1995,,2026-04-08,34.1049521589323,738190896227.55,17.8624291729756,16.2425229859567,East Asia & Pacific,Beijing,116.286,40.0495,Upper middle income,IBRD
China,CN,CHN,1996,,2026-04-08,33.6287512313005,868523936530.083,17.8247104643429,15.8040407669576,East Asia & Pacific,Beijing,116.286,40.0495,Upper middle income,IBRD
China,CN,CHN,1997,,2026-04-08,34.3135763220021,967753570434.667,19.3692945938508,14.9442817281513,East Asia & Pacific,Beijing,116.286,40.0495,Upper middle income,IBRD
China,CN,CHN,1998,,2026-04-08,32.1717399357488,1037134141760.35,18.1992267514817,13.9725131842671,East Asia & Pacific,Beijing,116.286,40.0495,Upper middle income,IBRD
China,CN,CHN,1999,,2026-04-08,33.2255380760054,1103843203575.64,18.0006905864312,15.2248474895742,East Asia & Pacific,Beijing,116.286,40.0495,Upper middle income,IBRD
China,CN,CHN,2000,,2026-04-08,39.0109424774998,1223754919971.05,20.681599363293,18.3293431142068,East Asia & Pacific,Beijing,116.286,40.0495,Upper middle income,IBRD
China,CN,CHN,2001,,2026-04-08,38.0826469518334,1355036590251.52,20.0776873829946,18.0049595688389,East Asia & Pacific,Beijing,116.286,40.0495,Upper middle income,IBRD
China,CN,CHN,2002,,2026-04-08,42.1944423387413,1489821682050.54,22.3518233715808,19.8426189671605,East Asia & Pacific,Beijing,116.286,40.0495,Upper middle income,IBRD
China,CN,CHN,2003,,2026-04-08,51.0774801301803,1683903309843.85,26.6023738514511,24.4751062787292,East Asia & Pacific,Beijing,116.286,40.0495,Upper middle income,IBRD
China,CN,CHN,2004,,2026-04-08,58.640334040843904,1984196551300.44,30.6097162464404,28.0306177944035,East Asia & Pacific,Beijing,116.286,40.0495,Upper middle income,IBRD
China,CN,CHN,2005,,2026-04-08,61.3600749408237,2317551298052.05,33.3687977498922,27.9912771909315,East Asia & Pacific,Beijing,116.286,40.0495,Upper middle income,IBRD
China,CN,CHN,2006,,2026-04-08,63.5695798621627,2791498472804.33,35.5268468681701,28.0427329939926,East Asia & Pacific,Beijing,116.286,40.0495,Upper middle income,IBRD
China,CN,CHN,2007,,2026-04-08,61.2664640006176,3604055822571.63,34.9066956194649,26.3597683811527,East Asia & Pacific,Beijing,116.286,40.0495,Upper middle income,IBRD
China,CN,CHN,2008,,2026-04-08,56.7111330003209,4667346414521.95,32.092513602143,24.6186193981779,East Asia & Pacific,Beijing,116.286,40.0495,Upper middle income,IBRD
China,CN,CHN,2009,,2026-04-08,44.4197644331119,5189577094997.58,24.3307718125403,20.0889926205716,East Asia & Pacific,Beijing,116.286,40.0495,Upper middle income,IBRD
China,CN,CHN,2010,,2026-04-08,49.8540722338977,6192564874453.29,26.7227451502469,23.1313270836509,East Asia & Pacific,Beijing,116.286,40.0495,Upper middle income,IBRD
China,CN,CHN,2011,,2026-04-08,49.9458272253643,7671757207851.29,26.1518828948759,23.7939443304884,East Asia & Pacific,Beijing,116.286,40.0495,Upper middle income,IBRD
China,CN,CHN,2012,,2026-04-08,47.4802130784317,8673664713189.24,25.07670432956,22.4035087488717,East Asia & Pacific,Beijing,116.286,40.0495,Upper middle income,IBRD
China,CN,CHN,2013,,2026-04-08,45.9160413795571,9743124247267.24,24.1633430905854,21.7526982889717,East Asia & Pacific,Beijing,116.286,40.0495,Upper middle income,IBRD
China,CN,CHN,2014,,2026-04-08,44.0684564812532,10674533168257.4,23.0719766947263,20.9964797865269,East Asia & Pacific,Beijing,116.286,40.0495,Upper middle income,IBRD
China,CN,CHN,2015,,2026-04-08,38.6971848362625,11280814787468.9,20.9390642234326,17.7581206128298,East Asia & Pacific,Beijing,116.286,40.0495,Upper middle income,IBRD
China,CN,CHN,2016,,2026-04-08,36.177170692978,11456024084962,19.2036507365412,16.9735199564368,East Asia & Pacific,Beijing,116.286,40.0495,Upper middle income,IBRD
China,CN,CHN,2017,,2026-04-08,36.95085261586,12537559062282.9,19.3356301657728,17.6152224500872,East Asia & Pacific,Beijing,116.286,40.0495,Upper middle income,IBRD
China,CN,CHN,2018,,2026-04-08,36.8943843914718,14147765772963.8,18.770519802938,18.1238645885338,East Asia & Pacific,Beijing,116.286,40.0495,Upper middle income,IBRD
China,CN,CHN,2019,,2026-04-08,35.1994202738836,14560167101283.4,18.0557069597496,17.1437133141341,East Asia & Pacific,Beijing,116.286,40.0495,Upper middle income,IBRD
China,CN,CHN,2020,,2026-04-08,34.0389507864581,14996414166715.1,18.2035821684822,15.8353686179759,East Asia & Pacific,Beijing,116.286,40.0495,Upper middle income,IBRD
China,CN,CHN,2021,,2026-04-08,36.5206911762676,18201698719564,19.5262422245091,16.9944489517585,East Asia & Pacific,Beijing,116.286,40.0495,Upper middle income,IBRD
China,CN,CHN,2022,,2026-04-08,37.440719876366,18316765021690.2,20.2977316914005,17.1429881849654,East Asia & Pacific,Beijing,116.286,40.0495,Upper middle income,IBRD
China,CN,CHN,2023,,2026-04-08,36.1051923691138,18270356654533.2,19.102471716101,17.0027206530128,East Asia & Pacific,Beijing,116.286,40.0495,Upper middle income,IBRD
China,CN,CHN,2024,,2026-04-08,37.1984201388065,18743803170827.2,20.0229166362049,17.1755035026016,East Asia & Pacific,Beijing,116.286,40.0495,Upper middle income,IBRD
China,CN,CHN,2025,,2026-04-08,NA,NA,NA,NA,East Asia & Pacific,Beijing,116.286,40.0495,Upper middle income,IBRD
European Union,EU,EUU,1995,,2026-04-08,57.0668618668377,8298352822403.7,28.340226844132,26.6006919860528,Aggregates,,,,Aggregates,Aggregates
European Union,EU,EUU,1996,,2026-04-08,57.8181238406321,8433614719069.7,28.671287942362,26.7778589289021,Aggregates,,,,Aggregates,Aggregates
European Union,EU,EUU,1997,,2026-04-08,61.9223662101429,7735885029565.07,30.9557835161905,28.7594336524572,Aggregates,,,,Aggregates,Aggregates
European Union,EU,EUU,1998,,2026-04-08,63.2476873258016,7970103042535.26,31.5575013252945,29.6892284571527,Aggregates,,,,Aggregates,Aggregates
European Union,EU,EUU,1999,,2026-04-08,64.0297642840496,7936107808460.76,31.8787206257981,30.4744207305643,Aggregates,,,,Aggregates,Aggregates
European Union,EU,EUU,2000,,2026-04-08,71.5705362040384,7288481048952.25,35.5948367103463,34.7017054068626,Aggregates,,,,Aggregates,Aggregates
European Union,EU,EUU,2001,,2026-04-08,70.7299712766562,7407615944962.45,35.557770118378,34.0048286367827,Aggregates,,,,Aggregates,Aggregates
European Union,EU,EUU,2002,,2026-04-08,68.4361613375131,8100430284893.67,34.9381903409223,32.5387626248302,Aggregates,,,,Aggregates,Aggregates
European Union,EU,EUU,2003,,2026-04-08,67.3582061795863,9956860723577.65,34.1298460360941,32.168410927369,Aggregates,,,,Aggregates,Aggregates
European Union,EU,EUU,2004,,2026-04-08,70.3968764065819,11449101966447.2,35.7227251577535,33.5928201616234,Aggregates,,,,Aggregates,Aggregates
European Union,EU,EUU,2005,,2026-04-08,73.5521063042338,11954349375612,37.1284882977431,35.492999345943,Aggregates,,,,Aggregates,Aggregates
European Union,EU,EUU,2006,,2026-04-08,77.9839957210495,12768357074578.4,39.1925247271076,37.9320318355495,Aggregates,,,,Aggregates,Aggregates
European Union,EU,EUU,2007,,2026-04-08,79.7970825624113,14789471689508,40.2327564975145,38.9405067804254,Aggregates,,,,Aggregates,Aggregates
European Union,EU,EUU,2008,,2026-04-08,80.7845229076774,16364455236166.7,40.5690618716098,39.6457196101207,Aggregates,,,,Aggregates,Aggregates
European Union,EU,EUU,2009,,2026-04-08,70.5061117229528,14844813523140,35.7461589139884,34.023319278398,Aggregates,,,,Aggregates,Aggregates
European Union,EU,EUU,2010,,2026-04-08,78.282201525606,14641773544950.6,39.6884203223861,38.0576637459347,Aggregates,,,,Aggregates,Aggregates
European Union,EU,EUU,2011,,2026-04-08,83.4716468978193,15874713437636.1,42.4555722785149,40.7153505742476,Aggregates,,,,Aggregates,Aggregates
European Union,EU,EUU,2012,,2026-04-08,85.0872994138992,14731876146120.7,44.0064072724439,41.1149652994655,Aggregates,,,,Aggregates,Aggregates
European Union,EU,EUU,2013,,2026-04-08,84.7802544688451,15398507628838.6,44.2880086199626,40.7465147499604,Aggregates,,,,Aggregates,Aggregates
European Union,EU,EUU,2014,,2026-04-08,85.494561926335,15763596442222.6,44.9094114138478,41.1283869428182,Aggregates,,,,Aggregates,Aggregates
European Union,EU,EUU,2015,,2026-04-08,86.6784748227273,13656252620703.3,46.2609007026953,41.8865481304006,Aggregates,,,,Aggregates,Aggregates
European Union,EU,EUU,2016,,2026-04-08,85.784351990334,13988147697216.6,45.9061530109995,41.5024424856013,Aggregates,,,,Aggregates,Aggregates
European Union,EU,EUU,2017,,2026-04-08,88.7153567222581,14871313684625.8,47.4989943162878,43.2580576310514,Aggregates,,,,Aggregates,Aggregates
European Union,EU,EUU,2018,,2026-04-08,90.4287944304584,16092403309151.5,48.2834700413619,44.5363380648569,Aggregates,,,,Aggregates,Aggregates
European Union,EU,EUU,2019,,2026-04-08,90.5535185606555,15809073096211.4,48.6059848716205,45.1389587990542,Aggregates,,,,Aggregates,Aggregates
European Union,EU,EUU,2020,,2026-04-08,83.8178454761989,15504055464107.4,45.84358291811,42.2211112559169,Aggregates,,,,Aggregates,Aggregates
European Union,EU,EUU,2021,,2026-04-08,91.2031115580478,17495226733585.2,49.7171734036019,45.9111695217878,Aggregates,,,,Aggregates,Aggregates
European Union,EU,EUU,2022,,2026-04-08,103.706433693426,17023612496380.4,55.2991038089162,53.4340037524543,Aggregates,,,,Aggregates,Aggregates
European Union,EU,EUU,2023,,2026-04-08,95.2160371763138,18659133072074.8,51.7572641294983,48.1098975724128,Aggregates,,,,Aggregates,Aggregates
European Union,EU,EUU,2024,,2026-04-08,91.6513434875625,19497115588443.6,50.3717456467283,46.115445337685,Aggregates,,,,Aggregates,Aggregates
European Union,EU,EUU,2025,,2026-04-08,NA,NA,NA,NA,Aggregates,,,,Aggregates,Aggregates
France,FR,FRA,1995,,2026-04-08,45.4316616938638,1595219345511.89,23.6896549224157,21.7420067714481,Europe & Central Asia,Paris,2.35097,48.8566,High income,Not classified
France,FR,FRA,1996,,2026-04-08,46.1124801589641,1598889216566.23,24.123002754589,21.9894774043751,Europe & Central Asia,Paris,2.35097,48.8566,High income,Not classified
France,FR,FRA,1997,,2026-04-08,49.803453474736,1449392222971.45,26.6303250476944,23.1731284270416,Europe & Central Asia,Paris,2.35097,48.8566,High income,Not classified
France,FR,FRA,1998,,2026-04-08,51.4214328030771,1496906382032.47,27.2527671033937,24.1686656996833,Europe & Central Asia,Paris,2.35097,48.8566,High income,Not classified
France,FR,FRA,1999,,2026-04-08,51.6706614638734,1486915879701.93,27.2069773242695,24.4636841396038,Europe & Central Asia,Paris,2.35097,48.8566,High income,Not classified
France,FR,FRA,2000,,2026-04-08,57.7860470318197,1360959069477.49,29.7580489893129,28.0279980425069,Europe & Central Asia,Paris,2.35097,48.8566,High income,Not classified
France,FR,FRA,2001,,2026-04-08,56.8932328560722,1370376677298.86,29.4306035099419,27.4626293461303,Europe & Central Asia,Paris,2.35097,48.8566,High income,Not classified
France,FR,FRA,2002,,2026-04-08,55.1325248503102,1492427756382.43,28.7307017592768,26.4018230910334,Europe & Central Asia,Paris,2.35097,48.8566,High income,Not classified
France,FR,FRA,2003,,2026-04-08,52.5988822870657,1835095983049.09,27.1369676673944,25.4619146196714,Europe & Central Asia,Paris,2.35097,48.8566,High income,Not classified
France,FR,FRA,2004,,2026-04-08,53.7497648292028,2109792297237.03,27.5381038597962,26.2116609694066,Europe & Central Asia,Paris,2.35097,48.8566,High income,Not classified
France,FR,FRA,2005,,2026-04-08,55.8228361241299,2192146403028.17,28.1635565257399,27.65927959839,Europe & Central Asia,Paris,2.35097,48.8566,High income,Not classified
France,FR,FRA,2006,,2026-04-08,57.8692775292673,2317861544690.82,28.9278484836141,28.9414290456532,Europe & Central Asia,Paris,2.35097,48.8566,High income,Not classified
France,FR,FRA,2007,,2026-04-08,58.1525611309659,2655816911866.56,28.8585344688926,29.2940266620733,Europe & Central Asia,Paris,2.35097,48.8566,High income,Not classified
France,FR,FRA,2008,,2026-04-08,59.1797928411748,2926802941585.86,29.1990596782502,29.9807331629246,Europe & Central Asia,Paris,2.35097,48.8566,High income,Not classified
France,FR,FRA,2009,,2026-04-08,52.1991123027613,2700075882518.98,25.8809482311608,26.3181640716005,Europe & Central Asia,Paris,2.35097,48.8566,High income,Not classified
France,FR,FRA,2010,,2026-04-08,56.587555247796,2646230027988.34,27.8264880915553,28.7610671562408,Europe & Central Asia,Paris,2.35097,48.8566,High income,Not classified
France,FR,FRA,2011,,2026-04-08,60.6056354816406,2870408553990.28,29.538847336075,31.0667881455656,Europe & Central Asia,Paris,2.35097,48.8566,High income,Not classified
France,FR,FRA,2012,,2026-04-08,61.6589570771102,2683007095787.23,30.3556786527444,31.3032784243658,Europe & Central Asia,Paris,2.35097,48.8566,High income,Not classified
France,FR,FRA,2013,,2026-04-08,61.8192338733962,2816077607875.26,30.5912853427773,31.2279485306189,Europe & Central Asia,Paris,2.35097,48.8566,High income,Not classified
France,FR,FRA,2014,,2026-04-08,62.1992669379507,2861236112552.42,30.741812901515,31.4574540364356,Europe & Central Asia,Paris,2.35097,48.8566,High income,Not classified
France,FR,FRA,2015,,2026-04-08,63.5046871956484,2442483452642.5,31.6934947262689,31.8111924693795,Europe & Central Asia,Paris,2.35097,48.8566,High income,Not classified
France,FR,FRA,2016,,2026-04-08,63.3427564383351,2470407619777.13,31.498210070063,31.8445463682721,Europe & Central Asia,Paris,2.35097,48.8566,High income,Not classified
France,FR,FRA,2017,,2026-04-08,65.3958481559711,2588868323334.71,32.311834044929,33.0840141110421,Europe & Central Asia,Paris,2.35097,48.8566,High income,Not classified
France,FR,FRA,2018,,2026-04-08,66.8022607812266,2781576320884.39,32.9179818922164,33.8842788890102,Europe & Central Asia,Paris,2.35097,48.8566,High income,Not classified
France,FR,FRA,2019,,2026-04-08,66.4289771741449,2722793515171.76,32.8895593910847,33.5394177830602,Europe & Central Asia,Paris,2.35097,48.8566,High income,Not classified
France,FR,FRA,2020,,2026-04-08,58.8388907240647,2647926055110.05,28.5572228192655,30.2816679047993,Europe & Central Asia,Paris,2.35097,48.8566,High income,Not classified
France,FR,FRA,2021,,2026-04-08,63.788482630872,2966433692008.09,31.2880499332105,32.5004326976615,Europe & Central Asia,Paris,2.35097,48.8566,High income,Not classified
France,FR,FRA,2022,,2026-04-08,75.9630077981996,2794788137066.94,36.6160484268785,39.3469593713211,Europe & Central Asia,Paris,2.35097,48.8566,High income,Not classified
France,FR,FRA,2023,,2026-04-08,70.6261450610225,3056250648138.29,34.4562568778842,36.1698881831383,Europe & Central Asia,Paris,2.35097,48.8566,High income,Not classified
France,FR,FRA,2024,,2026-04-08,68.1081875443744,3160442622465.08,33.8897542343832,34.2184333099912,Europe & Central Asia,Paris,2.35097,48.8566,High income,Not classified
France,FR,FRA,2025,,2026-04-08,NA,NA,NA,NA,Europe & Central Asia,Paris,2.35097,48.8566,High income,Not classified
Germany,DE,DEU,1995,,2026-04-08,42.6061486475818,2593053091306.13,21.4815282668309,21.1246203807509,Europe & Central Asia,Berlin,13.4115,52.5235,High income,Not classified
Germany,DE,DEU,1996,,2026-04-08,43.903586095325,2506576553158.31,22.2821690795205,21.6214170158045,Europe & Central Asia,Berlin,13.4115,52.5235,High income,Not classified
Germany,DE,DEU,1997,,2026-04-08,48.380321068738,2218790886532.82,24.7013999735662,23.6789210951718,Europe & Central Asia,Berlin,13.4115,52.5235,High income,Not classified
Germany,DE,DEU,1998,,2026-04-08,50.1554657792327,2247760364565.97,25.6601609051036,24.4953048741291,Europe & Central Asia,Berlin,13.4115,52.5235,High income,Not classified
Germany,DE,DEU,1999,,2026-04-08,51.519227436406,2213873468586.88,26.0298761818567,25.4893512545493,Europe & Central Asia,Berlin,13.4115,52.5235,High income,Not classified
Germany,DE,DEU,2000,,2026-04-08,59.1955992975405,1966980701145.1,29.6806532498145,29.5149460477259,Europe & Central Asia,Berlin,13.4115,52.5235,High income,Not classified
Germany,DE,DEU,2001,,2026-04-08,59.5592863682118,1966381496641.73,30.5604113813066,28.9988749869052,Europe & Central Asia,Berlin,13.4115,52.5235,High income,Not classified
Germany,DE,DEU,2002,,2026-04-08,58.3325687248129,2102350798305.89,31.1904504893495,27.1421182354634,Europe & Central Asia,Berlin,13.4115,52.5235,High income,Not classified
Germany,DE,DEU,2003,,2026-04-08,58.9145442942507,2534715518349.01,31.2678451095809,27.6466991846698,Europe & Central Asia,Berlin,13.4115,52.5235,High income,Not classified
Germany,DE,DEU,2004,,2026-04-08,62.9064909465164,2852317768061.78,33.9352126434777,28.9712783030388,Europe & Central Asia,Berlin,13.4115,52.5235,High income,Not classified
Germany,DE,DEU,2005,,2026-04-08,66.9531024934321,2893393187361.87,35.9531497908166,30.9999527026155,Europe & Central Asia,Berlin,13.4115,52.5235,High income,Not classified
Germany,DE,DEU,2006,,2026-04-08,72.7591934646234,3046308753670.58,38.9694499171537,33.7897435474697,Europe & Central Asia,Berlin,13.4115,52.5235,High income,Not classified
Germany,DE,DEU,2007,,2026-04-08,74.8838416816798,3484056680854.91,40.6368056265783,34.2470360551014,Europe & Central Asia,Berlin,13.4115,52.5235,High income,Not classified
Germany,DE,DEU,2008,,2026-04-08,76.1131665945746,3808197720125,40.9488738182043,35.1642927763703,Europe & Central Asia,Berlin,13.4115,52.5235,High income,Not classified
Germany,DE,DEU,2009,,2026-04-08,66.1391275757126,3478545516683.59,35.4545162932994,30.6846112824132,Europe & Central Asia,Berlin,13.4115,52.5235,High income,Not classified
Germany,DE,DEU,2010,,2026-04-08,73.8852351200263,3467093769666.67,39.4953465429823,34.389888577044,Europe & Central Asia,Berlin,13.4115,52.5235,High income,Not classified
Germany,DE,DEU,2011,,2026-04-08,78.433002901442,3823575803793.78,41.6436286591115,36.7893742423305,Europe & Central Asia,Berlin,13.4115,52.5235,High income,Not classified
Germany,DE,DEU,2012,,2026-04-08,79.3316495670315,3596483233406.25,42.6855834357406,36.6460661312909,Europe & Central Asia,Berlin,13.4115,52.5235,High income,Not classified
Germany,DE,DEU,2013,,2026-04-08,77.5860288576931,3807023797050.99,41.6802838324356,35.9057450252575,Europe & Central Asia,Berlin,13.4115,52.5235,High income,Not classified
Germany,DE,DEU,2014,,2026-04-08,76.8483516336234,3964870735760.77,41.6936675523627,35.1546840812607,Europe & Central Asia,Berlin,13.4115,52.5235,High income,Not classified
Germany,DE,DEU,2015,,2026-04-08,77.7565815686922,3425099578746.09,42.5853976151835,35.1711839535087,Europe & Central Asia,Berlin,13.4115,52.5235,High income,Not classified
Germany,DE,DEU,2016,,2026-04-08,76.0059902166055,3536787895179,41.6355419518592,34.3704482647463,Europe & Central Asia,Berlin,13.4115,52.5235,High income,Not classified
Germany,DE,DEU,2017,,2026-04-08,77.4548394742448,3765351626105.89,42.2029575981591,35.2518818760857,Europe & Central Asia,Berlin,13.4115,52.5235,High income,Not classified
Germany,DE,DEU,2018,,2026-04-08,79.1252260463654,4055433215301.96,42.4968914074717,36.6283346388937,Europe & Central Asia,Berlin,13.4115,52.5235,High income,Not classified
Germany,DE,DEU,2019,,2026-04-08,79.0732427175683,3959894794039.21,42.3402444816356,36.7329982359327,Europe & Central Asia,Berlin,13.4115,52.5235,High income,Not classified
Germany,DE,DEU,2020,,2026-04-08,72.9335327120137,3941398957073.94,39.1198068808828,33.8137258311309,Europe & Central Asia,Berlin,13.4115,52.5235,High income,Not classified
Germany,DE,DEU,2021,,2026-04-08,79.9195348609851,4355251953410.78,42.5198379291429,37.3996969318423,Europe & Central Asia,Berlin,13.4115,52.5235,High income,Not classified
Germany,DE,DEU,2022,,2026-04-08,88.7857542130501,4201021706478.62,45.6284043425185,43.1573498705316,Europe & Central Asia,Berlin,13.4115,52.5235,High income,Not classified
Germany,DE,DEU,2023,,2026-04-08,81.9625483787634,4562207532490.28,42.9672624196847,38.9952859590786,Europe & Central Asia,Berlin,13.4115,52.5235,High income,Not classified
Germany,DE,DEU,2024,,2026-04-08,79.0907305894936,4685592577804.69,41.4340593720908,37.6566712174028,Europe & Central Asia,Berlin,13.4115,52.5235,High income,Not classified
Germany,DE,DEU,2025,,2026-04-08,NA,NA,NA,NA,Europe & Central Asia,Berlin,13.4115,52.5235,High income,Not classified
India,IN,IND,1995,,2026-04-08,22.8674487062499,360281909643.489,10.8439680350622,12.0234806711877,South Asia,New Delhi,77.225,28.6353,Lower middle income,IBRD
India,IN,IND,1996,,2026-04-08,21.9294878713867,392896866204.516,10.3851692716063,11.5443185997804,South Asia,New Delhi,77.225,28.6353,Lower middle income,IBRD
India,IN,IND,1997,,2026-04-08,22.6193868670479,415867563592.829,10.690717318379,11.9286695486689,South Asia,New Delhi,77.225,28.6353,Lower middle income,IBRD
India,IN,IND,1998,,2026-04-08,23.6994700790647,421351317224.941,11.0184691793102,12.6810008997545,South Asia,New Delhi,77.225,28.6353,Lower middle income,IBRD
India,IN,IND,1999,,2026-04-08,24.8155980442929,458821052615.79,11.4520646128009,13.363533431492,South Asia,New Delhi,77.225,28.6353,Lower middle income,IBRD
India,IN,IND,2000,,2026-04-08,26.9009229104474,468395521654.458,12.9972363113479,13.9036865990995,South Asia,New Delhi,77.225,28.6353,Lower middle income,IBRD
India,IN,IND,2001,,2026-04-08,25.9932547534365,485440139204.171,12.5583796339108,13.4348751195257,South Asia,New Delhi,77.225,28.6353,Lower middle income,IBRD
India,IN,IND,2002,,2026-04-08,29.5086629350614,514939140318.756,14.2643839243147,15.2442790107467,South Asia,New Delhi,77.225,28.6353,Lower middle income,IBRD
India,IN,IND,2003,,2026-04-08,30.592436132908,607700687237.318,14.9479138581734,15.6445222747346,South Asia,New Delhi,77.225,28.6353,Lower middle income,IBRD
India,IN,IND,2004,,2026-04-08,37.503814059447,709152728830.775,17.8591249630479,19.6446890963991,South Asia,New Delhi,77.225,28.6353,Lower middle income,IBRD
India,IN,IND,2005,,2026-04-08,42.0016696148691,820383763511.445,19.6052466948335,22.3964229200356,South Asia,New Delhi,77.225,28.6353,Lower middle income,IBRD
India,IN,IND,2006,,2026-04-08,45.7244804992652,940259888787.721,21.2679414221966,24.4565390770687,South Asia,New Delhi,77.225,28.6353,Lower middle income,IBRD
India,IN,IND,2007,,2026-04-08,45.686268679348,1216736438834.96,20.7996997489032,24.8865689304448,South Asia,New Delhi,77.225,28.6353,Lower middle income,IBRD
India,IN,IND,2008,,2026-04-08,53.3682204392226,1198895139005.92,24.0973572601391,29.2708631790835,South Asia,New Delhi,77.225,28.6353,Lower middle income,IBRD
India,IN,IND,2009,,2026-04-08,46.2728696428837,1341888016994.9,20.4005193743564,25.8723502685274,South Asia,New Delhi,77.225,28.6353,Lower middle income,IBRD
India,IN,IND,2010,,2026-04-08,49.2552064974161,1675615519484.96,22.4009332487945,26.8542732486216,South Asia,New Delhi,77.225,28.6353,Lower middle income,IBRD
India,IN,IND,2011,,2026-04-08,55.6238800135298,1823051829894.55,24.5404113195713,31.0834686939585,South Asia,New Delhi,77.225,28.6353,Lower middle income,IBRD
India,IN,IND,2012,,2026-04-08,55.7937217287511,1827637590410.41,24.534430661418,31.2592910673332,South Asia,New Delhi,77.225,28.6353,Lower middle income,IBRD
India,IN,IND,2013,,2026-04-08,53.8441319466777,1856721507621.58,25.430861300519,28.4132706461587,South Asia,New Delhi,77.225,28.6353,Lower middle income,IBRD
India,IN,IND,2014,,2026-04-08,48.9221857470669,2039126479154.52,22.9679630081172,25.9542227389497,South Asia,New Delhi,77.225,28.6353,Lower middle income,IBRD
India,IN,IND,2015,,2026-04-08,41.9229138658647,2103588360044.94,19.8131891564045,22.1097247094602,South Asia,New Delhi,77.225,28.6353,Lower middle income,IBRD
India,IN,IND,2016,,2026-04-08,40.082485713276,2294796885663.16,19.1582349105946,20.9242508026814,South Asia,New Delhi,77.225,28.6353,Lower middle income,IBRD
India,IN,IND,2017,,2026-04-08,40.7424969545225,2651474262755.45,18.7917648392982,21.9507321152243,South Asia,New Delhi,77.225,28.6353,Lower middle income,IBRD
India,IN,IND,2018,,2026-04-08,43.6169693323889,2702929641648.74,19.9278285988562,23.6891407335327,South Asia,New Delhi,77.225,28.6353,Lower middle income,IBRD
India,IN,IND,2019,,2026-04-08,39.9054035306442,2835606256558.19,18.664264897257,21.2411386333872,South Asia,New Delhi,77.225,28.6353,Lower middle income,IBRD
India,IN,IND,2020,,2026-04-08,37.7581053292768,2674851578587.27,18.6824769296756,19.0756283996012,South Asia,New Delhi,77.225,28.6353,Lower middle income,IBRD
India,IN,IND,2021,,2026-04-08,45.4230887840446,3167270623260.47,21.3991583305515,24.0239304534931,South Asia,New Delhi,77.225,28.6353,Lower middle income,IBRD
India,IN,IND,2022,,2026-04-08,50.0752701498882,3346107287730.93,23.2515412045298,26.8237289453584,South Asia,New Delhi,77.225,28.6353,Lower middle income,IBRD
India,IN,IND,2023,,2026-04-08,44.9928422877561,3638489096033.86,21.4486977833541,23.544144504402,South Asia,New Delhi,77.225,28.6353,Lower middle income,IBRD
India,IN,IND,2024,,2026-04-08,44.6492935069676,3909891533858.08,21.1618460520863,23.4874474548813,South Asia,New Delhi,77.225,28.6353,Lower middle income,IBRD
India,IN,IND,2025,,2026-04-08,NA,NA,NA,NA,South Asia,New Delhi,77.225,28.6353,Lower middle income,IBRD
"Iran, Islamic Rep.",IR,IRN,1995,,2026-04-08,35.1442449159574,96419225743.6737,21.6762407043299,13.4680042116275,"Middle East, North Africa, Afghanistan & Pakistan",Tehran,51.4447,35.6878,Upper middle income,IBRD
"Iran, Islamic Rep.",IR,IRN,1996,,2026-04-08,35.2212991546042,120403931885.441,20.1951302398727,15.0261689147315,"Middle East, North Africa, Afghanistan & Pakistan",Tehran,51.4447,35.6878,Upper middle income,IBRD
"Iran, Islamic Rep.",IR,IRN,1997,,2026-04-08,32.6495581116416,113919163421.155,17.2779308650647,15.3716272465768,"Middle East, North Africa, Afghanistan & Pakistan",Tehran,51.4447,35.6878,Upper middle income,IBRD
"Iran, Islamic Rep.",IR,IRN,1998,,2026-04-08,29.2282196463134,110276913362.508,12.6833809123619,16.5448387339515,"Middle East, North Africa, Afghanistan & Pakistan",Tehran,51.4447,35.6878,Upper middle income,IBRD
"Iran, Islamic Rep.",IR,IRN,1999,,2026-04-08,34.8854141345934,113848450088.351,19.292023195998,15.5933909385954,"Middle East, North Africa, Afghanistan & Pakistan",Tehran,51.4447,35.6878,Upper middle income,IBRD
"Iran, Islamic Rep.",IR,IRN,2000,,2026-04-08,41.2572474638031,109591707802.216,21.4670575678483,19.7901898959548,"Middle East, North Africa, Afghanistan & Pakistan",Tehran,51.4447,35.6878,Upper middle income,IBRD
"Iran, Islamic Rep.",IR,IRN,2001,,2026-04-08,40.535566479523,126878750295.944,19.3033203562353,21.2322461232876,"Middle East, North Africa, Afghanistan & Pakistan",Tehran,51.4447,35.6878,Upper middle income,IBRD
"Iran, Islamic Rep.",IR,IRN,2002,,2026-04-08,48.1726865520657,128626917503.72,24.4139021536457,23.75878439842,"Middle East, North Africa, Afghanistan & Pakistan",Tehran,51.4447,35.6878,Upper middle income,IBRD
"Iran, Islamic Rep.",IR,IRN,2003,,2026-04-08,50.6791057753261,151911222119.488,24.6274728309232,26.0516329444029,"Middle East, North Africa, Afghanistan & Pakistan",Tehran,51.4447,35.6878,Upper middle income,IBRD
"Iran, Islamic Rep.",IR,IRN,2004,,2026-04-08,51.3138573265888,187754571247.666,25.266928255823,26.0469290707658,"Middle East, North Africa, Afghanistan & Pakistan",Tehran,51.4447,35.6878,Upper middle income,IBRD
"Iran, Islamic Rep.",IR,IRN,2005,,2026-04-08,54.4404952635536,224970371324.67,30.3308191865397,24.1096760770139,"Middle East, North Africa, Afghanistan & Pakistan",Tehran,51.4447,35.6878,Upper middle income,IBRD
"Iran, Islamic Rep.",IR,IRN,2006,,2026-04-08,53.1673587143845,265602187403.643,29.8690352505831,23.2983234638014,"Middle East, North Africa, Afghanistan & Pakistan",Tehran,51.4447,35.6878,Upper middle income,IBRD
"Iran, Islamic Rep.",IR,IRN,2007,,2026-04-08,49.8873069225934,349736591832.418,28.8436124054165,21.0436945171769,"Middle East, North Africa, Afghanistan & Pakistan",Tehran,51.4447,35.6878,Upper middle income,IBRD
"Iran, Islamic Rep.",IR,IRN,2008,,2026-04-08,48.2294027741438,406070949553.875,26.5771274521598,21.6522753219841,"Middle East, North Africa, Afghanistan & Pakistan",Tehran,51.4447,35.6878,Upper middle income,IBRD
"Iran, Islamic Rep.",IR,IRN,2009,,2026-04-08,43.6995802243585,414059094949.063,22.7114891378215,20.988091086537,"Middle East, North Africa, Afghanistan & Pakistan",Tehran,51.4447,35.6878,Upper middle income,IBRD
"Iran, Islamic Rep.",IR,IRN,2010,,2026-04-08,43.7706437371399,487069570463.768,24.399653282909,19.3709904542309,"Middle East, North Africa, Afghanistan & Pakistan",Tehran,51.4447,35.6878,Upper middle income,IBRD
"Iran, Islamic Rep.",IR,IRN,2011,,2026-04-08,41.2194147918578,629082257472.368,24.9333131264674,16.2861016653904,"Middle East, North Africa, Afghanistan & Pakistan",Tehran,51.4447,35.6878,Upper middle income,IBRD
"Iran, Islamic Rep.",IR,IRN,2012,,2026-04-08,44.0893466807452,644019315003.54,22.4753001992586,21.6140464814866,"Middle East, North Africa, Afghanistan & Pakistan",Tehran,51.4447,35.6878,Upper middle income,IBRD
"Iran, Islamic Rep.",IR,IRN,2013,,2026-04-08,47.0867179194755,500399839839.877,25.1829067419072,21.9038111775683,"Middle East, North Africa, Afghanistan & Pakistan",Tehran,51.4447,35.6878,Upper middle income,IBRD
"Iran, Islamic Rep.",IR,IRN,2014,,2026-04-08,45.3514201413161,462284793280.825,22.8306723891643,22.5207477521518,"Middle East, North Africa, Afghanistan & Pakistan",Tehran,51.4447,35.6878,Upper middle income,IBRD
"Iran, Islamic Rep.",IR,IRN,2015,,2026-04-08,39.42258866118,409191686496.677,18.7208345068656,20.7017541543144,"Middle East, North Africa, Afghanistan & Pakistan",Tehran,51.4447,35.6878,Upper middle income,IBRD
"Iran, Islamic Rep.",IR,IRN,2016,,2026-04-08,39.8772417738866,478618064870.999,20.3097816144481,19.5674601594385,"Middle East, North Africa, Afghanistan & Pakistan",Tehran,51.4447,35.6878,Upper middle income,IBRD
"Iran, Islamic Rep.",IR,IRN,2017,,2026-04-08,43.1556931383906,510239893417.645,21.8329309946109,21.3227621437797,"Middle East, North Africa, Afghanistan & Pakistan",Tehran,51.4447,35.6878,Upper middle income,IBRD
"Iran, Islamic Rep.",IR,IRN,2018,,2026-04-08,56.6153496142829,411903303606.044,29.639694129412,26.975655484871,"Middle East, North Africa, Afghanistan & Pakistan",Tehran,51.4447,35.6878,Upper middle income,IBRD
"Iran, Islamic Rep.",IR,IRN,2019,,2026-04-08,48.5917712137038,347988400957.999,22.3147082096412,26.2770630040625,"Middle East, North Africa, Afghanistan & Pakistan",Tehran,51.4447,35.6878,Upper middle income,IBRD
"Iran, Islamic Rep.",IR,IRN,2020,,2026-04-08,43.8844674905013,280934329279.723,18.3903748639131,25.4940926265882,"Middle East, North Africa, Afghanistan & Pakistan",Tehran,51.4447,35.6878,Upper middle income,IBRD
"Iran, Islamic Rep.",IR,IRN,2021,,2026-04-08,42.672379536261,407350685583.335,22.0192078360416,20.6531717002195,"Middle East, North Africa, Afghanistan & Pakistan",Tehran,51.4447,35.6878,Upper middle income,IBRD
"Iran, Islamic Rep.",IR,IRN,2022,,2026-04-08,48.9183508223052,422662261525.665,25.5666185174995,23.3517323048057,"Middle East, North Africa, Afghanistan & Pakistan",Tehran,51.4447,35.6878,Upper middle income,IBRD
"Iran, Islamic Rep.",IR,IRN,2023,,2026-04-08,49.3935500960203,457510482317.483,23.9216475542357,25.4719025417845,"Middle East, North Africa, Afghanistan & Pakistan",Tehran,51.4447,35.6878,Upper middle income,IBRD
"Iran, Islamic Rep.",IR,IRN,2024,,2026-04-08,52.0621306794348,475252089215.416,23.5514720983508,28.5106585810839,"Middle East, North Africa, Afghanistan & Pakistan",Tehran,51.4447,35.6878,Upper middle income,IBRD
"Iran, Islamic Rep.",IR,IRN,2025,,2026-04-08,NA,NA,NA,NA,"Middle East, North Africa, Afghanistan & Pakistan",Tehran,51.4447,35.6878,Upper middle income,IBRD
Italy,IT,ITA,1995,,2026-04-08,45.5795026636995,1177369428265.78,24.6157552051653,20.9637474585342,Europe & Central Asia,Rome,12.4823,41.8955,High income,Not classified
Italy,IT,ITA,1996,,2026-04-08,42.8020490474117,1314776508972.27,23.662303838318,19.1397452090937,Europe & Central Asia,Rome,12.4823,41.8955,High income,Not classified
Italy,IT,ITA,1997,,2026-04-08,44.4771651978702,1244988176443.84,24.0894916918366,20.3876735060337,Europe & Central Asia,Rome,12.4823,41.8955,High income,Not classified
Italy,IT,ITA,1998,,2026-04-08,44.997874273345,1272729786996.77,24.0123257096913,20.9855485636537,Europe & Central Asia,Rome,12.4823,41.8955,High income,Not classified
Italy,IT,ITA,1999,,2026-04-08,44.5298402267013,1255004736463.98,23.1534516122759,21.3763886144254,Europe & Central Asia,Rome,12.4823,41.8955,High income,Not classified
Italy,IT,ITA,2000,,2026-04-08,50.2747311455639,1149661363439.38,25.5611956255751,24.7135355199888,Europe & Central Asia,Rome,12.4823,41.8955,High income,Not classified
Italy,IT,ITA,2001,,2026-04-08,49.8632723203495,1172041488805.87,25.5610801918444,24.3021921285051,Europe & Central Asia,Rome,12.4823,41.8955,High income,Not classified
Italy,IT,ITA,2002,,2026-04-08,47.8713186791542,1281746271196.04,24.3126948188163,23.5586238603378,Europe & Central Asia,Rome,12.4823,41.8955,High income,Not classified
Italy,IT,ITA,2003,,2026-04-08,45.9940859777074,1582930016538.82,23.2240496903642,22.7700362873432,Europe & Central Asia,Rome,12.4823,41.8955,High income,Not classified
Italy,IT,ITA,2004,,2026-04-08,47.2663923891771,1812808753294.75,23.9268409466402,23.3395514425368,Europe & Central Asia,Rome,12.4823,41.8955,High income,Not classified
Italy,IT,ITA,2005,,2026-04-08,49.1221742288618,1864982261286.85,24.5118533579183,24.6103208709435,Europe & Central Asia,Rome,12.4823,41.8955,High income,Not classified
Italy,IT,ITA,2006,,2026-04-08,52.9235429597012,1958563654385.64,26.0530628243151,26.8704801353861,Europe & Central Asia,Rome,12.4823,41.8955,High income,Not classified
Italy,IT,ITA,2007,,2026-04-08,54.8280415572531,2222524108127.65,27.2450545395013,27.5829870177519,Europe & Central Asia,Rome,12.4823,41.8955,High income,Not classified
Italy,IT,ITA,2008,,2026-04-08,54.214254895667104,2417508414187.19,26.7427615964483,27.4714932992188,Europe & Central Asia,Rome,12.4823,41.8955,High income,Not classified
Italy,IT,ITA,2009,,2026-04-08,45.1414765721604,2209484319012.65,22.2771595955525,22.8643169766079,Europe & Central Asia,Rome,12.4823,41.8955,High income,Not classified
Italy,IT,ITA,2010,,2026-04-08,51.6621118138339,2144936254535,24.9186514223879,26.743460391446,Europe & Central Asia,Rome,12.4823,41.8955,High income,Not classified
Italy,IT,ITA,2011,,2026-04-08,54.4722149449288,2306974020278.21,26.5629866543354,27.9092282905933,Europe & Central Asia,Rome,12.4823,41.8955,High income,Not classified
Italy,IT,ITA,2012,,2026-04-08,54.8844952702204,2097929495121.68,27.9851870768453,26.8993081933752,Europe & Central Asia,Rome,12.4823,41.8955,High income,Not classified
Italy,IT,ITA,2013,,2026-04-08,54.0341846317499,2153225581941.46,28.177442406394,25.8567422253559,Europe & Central Asia,Rome,12.4823,41.8955,High income,Not classified
Italy,IT,ITA,2014,,2026-04-08,54.4545299332032,2173255507985.84,28.6224027363532,25.83212719685,Europe & Central Asia,Rome,12.4823,41.8955,High income,Not classified
Italy,IT,ITA,2015,,2026-04-08,55.4356858148221,1845428048839.1,29.144111052532,26.2915747622901,Europe & Central Asia,Rome,12.4823,41.8955,High income,Not classified
Italy,IT,ITA,2016,,2026-04-08,54.4321467018313,1887111188176.93,28.7987488919157,25.6333978099156,Europe & Central Asia,Rome,12.4823,41.8955,High income,Not classified
Italy,IT,ITA,2017,,2026-04-08,57.5829940274911,1970720904584.71,30.1398859152774,27.4431081122137,Europe & Central Asia,Rome,12.4823,41.8955,High income,Not classified
Italy,IT,ITA,2018,,2026-04-08,59.2749835128154,2099435266458.67,30.8135072735991,28.4614762392164,Europe & Central Asia,Rome,12.4823,41.8955,High income,Not classified
Italy,IT,ITA,2019,,2026-04-08,58.6941902594738,2019606796583.53,30.9498739181942,27.7443163412796,Europe & Central Asia,Rome,12.4823,41.8955,High income,Not classified
Italy,IT,ITA,2020,,2026-04-08,53.9394839042764,1907481094079.23,28.7258551870199,25.2136287172564,Europe & Central Asia,Rome,12.4823,41.8955,High income,Not classified
Italy,IT,ITA,2021,,2026-04-08,60.3019776202798,2179207773596.09,31.1716088630092,29.1303687572707,Europe & Central Asia,Rome,12.4823,41.8955,High income,Not classified
Italy,IT,ITA,2022,,2026-04-08,72.0165023032697,2104067630319.46,35.0991400412578,36.9173622620119,Europe & Central Asia,Rome,12.4823,41.8955,High income,Not classified
Italy,IT,ITA,2023,,2026-04-08,65.1071778763174,2316727999333.18,33.3315893476608,31.7755885286565,Europe & Central Asia,Rome,12.4823,41.8955,High income,Not classified
Italy,IT,ITA,2024,,2026-04-08,62.8237685119526,2380825077243.59,32.505041554007,30.3187269579455,Europe & Central Asia,Rome,12.4823,41.8955,High income,Not classified
Italy,IT,ITA,2025,,2026-04-08,NA,NA,NA,NA,Europe & Central Asia,Rome,12.4823,41.8955,High income,Not classified
Japan,JP,JPN,1995,,2026-04-08,16.3901049340172,5545563663889.7,8.81647043260959,7.57363450140765,East Asia & Pacific,Tokyo,139.77,35.67,High income,Not classified
Japan,JP,JPN,1996,,2026-04-08,18.2538682255522,4923391533851.63,9.31574508353,8.93812314202219,East Asia & Pacific,Tokyo,139.77,35.67,High income,Not classified
Japan,JP,JPN,1997,,2026-04-08,19.7835176233669,4492448605638.94,10.3836956397754,9.39982198359144,East Asia & Pacific,Tokyo,139.77,35.67,High income,Not classified
Japan,JP,JPN,1998,,2026-04-08,19.0031862223377,4098362709531.24,10.3738060985943,8.62938012374338,East Asia & Pacific,Tokyo,139.77,35.67,High income,Not classified
Japan,JP,JPN,1999,,2026-04-08,18.1256307166911,4635982224063.88,9.80553900156021,8.32009171513089,East Asia & Pacific,Tokyo,139.77,35.67,High income,Not classified
Japan,JP,JPN,2000,,2026-04-08,19.5623715839054,4968359075956.59,10.4634942027505,9.09887738115494,East Asia & Pacific,Tokyo,139.77,35.67,High income,Not classified
Japan,JP,JPN,2001,,2026-04-08,19.5596044720071,4374711694090.87,10.0767999632844,9.48280450872269,East Asia & Pacific,Tokyo,139.77,35.67,High income,Not classified
Japan,JP,JPN,2002,,2026-04-08,20.4471220661583,4182846045873.61,10.8554456072287,9.5916764589296,East Asia & Pacific,Tokyo,139.77,35.67,High income,Not classified
Japan,JP,JPN,2003,,2026-04-08,21.3261252678119,4519561645253.53,11.4658015766594,9.86032369115249,East Asia & Pacific,Tokyo,139.77,35.67,High income,Not classified
Japan,JP,JPN,2004,,2026-04-08,23.6643534228975,4893116005656.56,12.7862646247862,10.8780887981112,East Asia & Pacific,Tokyo,139.77,35.67,High income,Not classified
Japan,JP,JPN,2005,,2026-04-08,26.2299545778565,4831467035389.8,13.8158957221159,12.4140588557406,East Asia & Pacific,Tokyo,139.77,35.67,High income,Not classified
Japan,JP,JPN,2006,,2026-04-08,30.0163760986692,4601663122649.92,15.6573740466117,14.3590020520575,East Asia & Pacific,Tokyo,139.77,35.67,High income,Not classified
Japan,JP,JPN,2007,,2026-04-08,32.816578051879,4579750920354.81,17.2891273707229,15.5274506811561,East Asia & Pacific,Tokyo,139.77,35.67,High income,Not classified
Japan,JP,JPN,2008,,2026-04-08,34.1294765412245,5106679115127.3,17.2355433764071,16.8939331648175,East Asia & Pacific,Tokyo,139.77,35.67,High income,Not classified
Japan,JP,JPN,2009,,2026-04-08,24.3901665338555,5289493117993.89,12.41956574798,11.9706007858756,East Asia & Pacific,Tokyo,139.77,35.67,High income,Not classified
Japan,JP,JPN,2010,,2026-04-08,28.4984726938389,5759071769013.11,14.9185034496428,13.5799692441961,East Asia & Pacific,Tokyo,139.77,35.67,High income,Not classified
Japan,JP,JPN,2011,,2026-04-08,30.1949607286296,6233147172341.35,14.7744622613499,15.4204984672798,East Asia & Pacific,Tokyo,139.77,35.67,High income,Not classified
Japan,JP,JPN,2012,,2026-04-08,30.4709109171752,6272362996105.03,14.4147746129824,16.0561363041928,East Asia & Pacific,Tokyo,139.77,35.67,High income,Not classified
Japan,JP,JPN,2013,,2026-04-08,33.9787686509511,5212328181166.18,15.7841567318773,18.1946119190738,East Asia & Pacific,Tokyo,139.77,35.67,High income,Not classified
Japan,JP,JPN,2014,,2026-04-08,37.4314345686579,4896994405353.29,17.4186553484795,20.0127792201784,East Asia & Pacific,Tokyo,139.77,35.67,High income,Not classified
Japan,JP,JPN,2015,,2026-04-08,35.4274083544798,4444930651964.18,17.4367598376529,17.990648516827,East Asia & Pacific,Tokyo,139.77,35.67,High income,Not classified
Japan,JP,JPN,2016,,2026-04-08,31.3102468455884,5003677627544.24,16.0579692360598,15.2522776095286,East Asia & Pacific,Tokyo,139.77,35.67,High income,Not classified
Japan,JP,JPN,2017,,2026-04-08,34.4232135721686,4930837369151.42,17.5914391047836,16.831774467385,East Asia & Pacific,Tokyo,139.77,35.67,High income,Not classified
Japan,JP,JPN,2018,,2026-04-08,36.609931802107,5040880939324.86,18.3149455985223,18.2949862035848,East Asia & Pacific,Tokyo,139.77,35.67,High income,Not classified
Japan,JP,JPN,2019,,2026-04-08,35.2164181084145,5117993853016.51,17.4635264275221,17.7528916808924,East Asia & Pacific,Tokyo,139.77,35.67,High income,Not classified
Japan,JP,JPN,2020,,2026-04-08,31.335208636773,5054068005376.28,15.5331828643222,15.8020257724508,East Asia & Pacific,Tokyo,139.77,35.67,High income,Not classified
Japan,JP,JPN,2021,,2026-04-08,36.7384462280698,5039148168861.22,18.1091919388618,18.629254289208,East Asia & Pacific,Tokyo,139.77,35.67,High income,Not classified
Japan,JP,JPN,2022,,2026-04-08,46.8129868368938,4262463317796.53,21.5464241239166,25.2665627129772,East Asia & Pacific,Tokyo,139.77,35.67,High income,Not classified
Japan,JP,JPN,2023,,2026-04-08,45.1508795641248,4213167237905.83,21.8515912402593,23.2992883238654,East Asia & Pacific,Tokyo,139.77,35.67,High income,Not classified
Japan,JP,JPN,2024,,2026-04-08,46.4069516150859,4027597523550.58,22.7689998646748,23.6379517504111,East Asia & Pacific,Tokyo,139.77,35.67,High income,Not classified
Japan,JP,JPN,2025,,2026-04-08,NA,NA,NA,NA,East Asia & Pacific,Tokyo,139.77,35.67,High income,Not classified
"Korea, Rep.",KR,KOR,1995,,2026-04-08,51.3967337856387,586286469400.665,25.0908528792617,26.305880906377,East Asia & Pacific,Seoul,126.957,37.5323,High income,Not classified
"Korea, Rep.",KR,KOR,1996,,2026-04-08,51.6134521171463,631196863758.281,24.1509711908027,27.4624809263436,East Asia & Pacific,Seoul,126.957,37.5323,High income,Not classified
"Korea, Rep.",KR,KOR,1997,,2026-04-08,55.894947743273,589202526424.141,27.4728903732725,28.4220573700005,East Asia & Pacific,Seoul,126.957,37.5323,High income,Not classified
"Korea, Rep.",KR,KOR,1998,,2026-04-08,66.3289851108207,397297216492.19,38.2368909900718,28.0920941207489,East Asia & Pacific,Seoul,126.957,37.5323,High income,Not classified
"Korea, Rep.",KR,KOR,1999,,2026-04-08,57.8948578896383,515697079289.011,31.5122613381554,26.3825965514828,East Asia & Pacific,Seoul,126.957,37.5323,High income,Not classified
"Korea, Rep.",KR,KOR,2000,,2026-04-08,64.0588155729056,597487173479.109,32.8643016483147,31.1945139245909,East Asia & Pacific,Seoul,126.957,37.5323,High income,Not classified
"Korea, Rep.",KR,KOR,2001,,2026-04-08,60.4277386641693,567564806235.441,30.8628730280238,29.5648656361455,East Asia & Pacific,Seoul,126.957,37.5323,High income,Not classified
"Korea, Rep.",KR,KOR,2002,,2026-04-08,56.6688767960273,650014391470.21,28.869081069037,27.7997957269903,East Asia & Pacific,Seoul,126.957,37.5323,High income,Not classified
"Korea, Rep.",KR,KOR,2003,,2026-04-08,59.4242945541732,728516494684.269,30.4447497818826,28.9795447722905,East Asia & Pacific,Seoul,126.957,37.5323,High income,Not classified
"Korea, Rep.",KR,KOR,2004,,2026-04-08,67.9270638751076,823251107638.814,35.6099304973786,32.317133377729,East Asia & Pacific,Seoul,126.957,37.5323,High income,Not classified
"Korea, Rep.",KR,KOR,2005,,2026-04-08,66.1695148242697,971740329983.878,34.1271966602876,32.0423181639821,East Asia & Pacific,Seoul,126.957,37.5323,High income,Not classified
"Korea, Rep.",KR,KOR,2006,,2026-04-08,68.3749509402263,1095175538508.19,34.4457182771661,33.9292326630601,East Asia & Pacific,Seoul,126.957,37.5323,High income,Not classified
"Korea, Rep.",KR,KOR,2007,,2026-04-08,71.3239614988013,1220911904593.06,36.0414909532161,35.2824705455852,East Asia & Pacific,Seoul,126.957,37.5323,High income,Not classified
"Korea, Rep.",KR,KOR,2008,,2026-04-08,92.0833544961819,1091580692542.34,45.8471508377288,46.2362036584532,East Asia & Pacific,Seoul,126.957,37.5323,High income,Not classified
"Korea, Rep.",KR,KOR,2009,,2026-04-08,83.1246099057162,983065242417.36,43.5106195264818,39.6139903792344,East Asia & Pacific,Seoul,126.957,37.5323,High income,Not classified
"Korea, Rep.",KR,KOR,2010,,2026-04-08,88.0278677123124,1192830015737.68,45.2718606886955,42.7560070236169,East Asia & Pacific,Seoul,126.957,37.5323,High income,Not classified
"Korea, Rep.",KR,KOR,2011,,2026-04-08,101.68061646213,1307103477219.1,51.2813207677942,50.3992956943359,East Asia & Pacific,Seoul,126.957,37.5323,High income,Not classified
"Korea, Rep.",KR,KOR,2012,,2026-04-08,101.51727207905,1335343586437.67,52.0235312085188,49.4937408705314,East Asia & Pacific,Seoul,126.957,37.5323,High income,Not classified
"Korea, Rep.",KR,KOR,2013,,2026-04-08,94.1675235855873,1434669686501.84,49.2338591040691,44.9336644815181,East Asia & Pacific,Seoul,126.957,37.5323,High income,Not classified
"Korea, Rep.",KR,KOR,2014,,2026-04-08,86.9342577972039,1556252422020.44,45.7876203673052,41.1466374298986,East Asia & Pacific,Seoul,126.957,37.5323,High income,Not classified
"Korea, Rep.",KR,KOR,2015,,2026-04-08,75.3881774564907,1539212301135.55,40.9681314540182,34.4200460024725,East Asia & Pacific,Seoul,126.957,37.5323,High income,Not classified
"Korea, Rep.",KR,KOR,2016,,2026-04-08,69.8997221316919,1579150518945.44,38.1129875583911,31.7867345733008,East Asia & Pacific,Seoul,126.957,37.5323,High income,Not classified
"Korea, Rep.",KR,KOR,2017,,2026-04-08,73.1921408264016,1710196756713.17,38.8488899920532,34.3432508343484,East Asia & Pacific,Seoul,126.957,37.5323,High income,Not classified
"Korea, Rep.",KR,KOR,2018,,2026-04-08,74.7075162140824,1824251454306.83,39.4523497931837,35.2551664208987,East Asia & Pacific,Seoul,126.957,37.5323,High income,Not classified
"Korea, Rep.",KR,KOR,2019,,2026-04-08,71.4470632403511,1751045752054.63,37.0413266370488,34.4057366033023,East Asia & Pacific,Seoul,126.957,37.5323,High income,Not classified
"Korea, Rep.",KR,KOR,2020,,2026-04-08,65.544957860621,1744070276373.34,34.6152001987888,30.9297576618322,East Asia & Pacific,Seoul,126.957,37.5323,High income,Not classified
"Korea, Rep.",KR,KOR,2021,,2026-04-08,75.3063047610912,1942313560965.9,39.3388192669479,35.9674854941434,East Asia & Pacific,Seoul,126.957,37.5323,High income,Not classified
"Korea, Rep.",KR,KOR,2022,,2026-04-08,90.5851475278549,1799363116866.52,45.294860984133,45.2902865437219,East Asia & Pacific,Seoul,126.957,37.5323,High income,Not classified
"Korea, Rep.",KR,KOR,2023,,2026-04-08,82.2580090716629,1844800934391.54,41.3214807367697,40.9365283348931,East Asia & Pacific,Seoul,126.957,37.5323,High income,Not classified
"Korea, Rep.",KR,KOR,2024,,2026-04-08,84.6424951192038,1875388209406.8,44.3582383593234,40.2842567598803,East Asia & Pacific,Seoul,126.957,37.5323,High income,Not classified
"Korea, Rep.",KR,KOR,2025,,2026-04-08,NA,NA,NA,NA,East Asia & Pacific,Seoul,126.957,37.5323,High income,Not classified
Russian Federation,RU,RUS,1995,,2026-04-08,55.1829054657257,395537185734.854,29.2890113495619,25.8938941161638,Europe & Central Asia,Moscow,37.6176,55.7558,High income,IBRD
Russian Federation,RU,RUS,1996,,2026-04-08,47.922500819419,391724890744.498,26.0729881302908,21.8495126891282,Europe & Central Asia,Moscow,37.6176,55.7558,High income,IBRD
Russian Federation,RU,RUS,1997,,2026-04-08,47.2569214100748,404928954191.876,24.7298415292289,22.527079880846,Europe & Central Asia,Moscow,37.6176,55.7558,High income,IBRD
Russian Federation,RU,RUS,1998,,2026-04-08,55.7722532849766,270955486862.442,31.22120547318,24.5510478117966,Europe & Central Asia,Moscow,37.6176,55.7558,High income,IBRD
Russian Federation,RU,RUS,1999,,2026-04-08,69.393281498812,195907128350.934,43.2199685128244,26.1733129859875,Europe & Central Asia,Moscow,37.6176,55.7558,High income,IBRD
Russian Federation,RU,RUS,2000,,2026-04-08,68.0939070373555,259710142196.943,44.0604413055146,24.0334657318409,Europe & Central Asia,Moscow,37.6176,55.7558,High income,IBRD
Russian Federation,RU,RUS,2001,,2026-04-08,61.1108586644206,306602070620.5,36.8934935960337,24.2173650683869,Europe & Central Asia,Moscow,37.6176,55.7558,High income,IBRD
Russian Federation,RU,RUS,2002,,2026-04-08,59.6454457319607,345470494417.863,35.2125940630626,24.432851668898,Europe & Central Asia,Moscow,37.6176,55.7558,High income,IBRD
Russian Federation,RU,RUS,2003,,2026-04-08,59.1282690076014,430347420184.885,35.2499817757806,23.8782872318208,Europe & Central Asia,Moscow,37.6176,55.7558,High income,IBRD
Russian Federation,RU,RUS,2004,,2026-04-08,56.5818523984055,591016690732.385,34.4178910554597,22.1639613429458,Europe & Central Asia,Moscow,37.6176,55.7558,High income,IBRD
Russian Federation,RU,RUS,2005,,2026-04-08,56.7132484905422,764015973481.11,35.2030659651181,21.5101825254241,Europe & Central Asia,Moscow,37.6176,55.7558,High income,IBRD
Russian Federation,RU,RUS,2006,,2026-04-08,54.733401867266,989932071352.543,33.7304754439762,21.0029264232898,Europe & Central Asia,Moscow,37.6176,55.7558,High income,IBRD
Russian Federation,RU,RUS,2007,,2026-04-08,51.7061227454606,1299703478481.65,30.164060484537,21.5420622609236,Europe & Central Asia,Moscow,37.6176,55.7558,High income,IBRD
Russian Federation,RU,RUS,2008,,2026-04-08,53.3824660408908,1660848058303.11,31.3095603335689,22.072905707322,Europe & Central Asia,Moscow,37.6176,55.7558,High income,IBRD
Russian Federation,RU,RUS,2009,,2026-04-08,48.4350610278181,1222645900055.7,27.9381012041521,20.496959823666,Europe & Central Asia,Moscow,37.6176,55.7558,High income,IBRD
Russian Federation,RU,RUS,2010,,2026-04-08,50.3555054872589,1524916715223.95,29.2155607849758,21.1399447022831,Europe & Central Asia,Moscow,37.6176,55.7558,High income,IBRD
Russian Federation,RU,RUS,2011,,2026-04-08,48.0353994077919,2045922753398.04,28.0553614798549,19.9800379279369,Europe & Central Asia,Moscow,37.6176,55.7558,High income,IBRD
Russian Federation,RU,RUS,2012,,2026-04-08,47.1513903857957,2208293553878.42,26.9073203393663,20.2440700464294,Europe & Central Asia,Moscow,37.6176,55.7558,High income,IBRD
Russian Federation,RU,RUS,2013,,2026-04-08,46.287149400499,2292470078346.22,25.845336826255,20.441812574244,Europe & Central Asia,Moscow,37.6176,55.7558,High income,IBRD
Russian Federation,RU,RUS,2014,,2026-04-08,47.8013412628116,2059241589895.01,27.1110970517525,20.6902442110591,Europe & Central Asia,Moscow,37.6176,55.7558,High income,IBRD
Russian Federation,RU,RUS,2015,,2026-04-08,49.3593493116887,1363482182197.71,28.703389442924,20.6559598687647,Europe & Central Asia,Moscow,37.6176,55.7558,High income,IBRD
Russian Federation,RU,RUS,2016,,2026-04-08,46.5181198396096,1276786350881.14,25.8544829769167,20.6636368626929,Europe & Central Asia,Moscow,37.6176,55.7558,High income,IBRD
Russian Federation,RU,RUS,2017,,2026-04-08,46.8765243371311,1574199360089,26.0908809797568,20.7856433573743,Europe & Central Asia,Moscow,37.6176,55.7558,High income,IBRD
Russian Federation,RU,RUS,2018,,2026-04-08,51.5809003703964,1657328773461.31,30.7932568020743,20.7876435683221,Europe & Central Asia,Moscow,37.6176,55.7558,High income,IBRD
Russian Federation,RU,RUS,2019,,2026-04-08,49.2287536619033,1693115002708.32,28.4334306799759,20.7953229819275,Europe & Central Asia,Moscow,37.6176,55.7558,High income,IBRD
Russian Federation,RU,RUS,2020,,2026-04-08,45.9669082029127,1493075894362.14,25.5221855113549,20.4447226915578,Europe & Central Asia,Moscow,37.6176,55.7558,High income,IBRD
Russian Federation,RU,RUS,2021,,2026-04-08,50.5861954621752,1829186719575.1,30.0024195364041,20.5837759257711,Europe & Central Asia,Moscow,37.6176,55.7558,High income,IBRD
Russian Federation,RU,RUS,2022,,2026-04-08,42.7827864294811,2291612121334.64,27.7203033526803,15.0624830768008,Europe & Central Asia,Moscow,37.6176,55.7558,High income,IBRD
Russian Federation,RU,RUS,2023,,2026-04-08,40.8343264105273,2071505725030.58,22.4927119538767,18.3416144566506,Europe & Central Asia,Moscow,37.6176,55.7558,High income,IBRD
Russian Federation,RU,RUS,2024,,2026-04-08,39.5081647660396,2173835806671.66,21.91660028345,17.5915644825897,Europe & Central Asia,Moscow,37.6176,55.7558,High income,IBRD
Russian Federation,RU,RUS,2025,,2026-04-08,NA,NA,NA,NA,Europe & Central Asia,Moscow,37.6176,55.7558,High income,IBRD
Saudi Arabia,SA,SAU,1995,,2026-04-08,65.0417272083752,143343124165.554,37.3378413620953,27.7038858462799,"Middle East, North Africa, Afghanistan & Pakistan",Riyadh,46.6977,24.6748,High income,Not classified
Saudi Arabia,SA,SAU,1996,,2026-04-08,66.653820067958,158662483311.081,40.0228209447804,26.6309991231776,"Middle East, North Africa, Afghanistan & Pakistan",Riyadh,46.6977,24.6748,High income,Not classified
Saudi Arabia,SA,SAU,1997,,2026-04-08,65.1880669440449,165963684913.218,39.1585979206286,26.0294690234163,"Middle East, North Africa, Afghanistan & Pakistan",Riyadh,46.6977,24.6748,High income,Not classified
Saudi Arabia,SA,SAU,1998,,2026-04-08,56.0883926105725,146775466666.667,29.6323817967762,26.4560108137963,"Middle East, North Africa, Afghanistan & Pakistan",Riyadh,46.6977,24.6748,High income,Not classified
Saudi Arabia,SA,SAU,1999,,2026-04-08,57.8460488194196,161717066666.667,34.6664709888381,23.1795778305815,"Middle East, North Africa, Afghanistan & Pakistan",Riyadh,46.6977,24.6748,High income,Not classified
Saudi Arabia,SA,SAU,2000,,2026-04-08,68.1664488005167,189514933333.333,43.4052690306903,24.7611797698264,"Middle East, North Africa, Afghanistan & Pakistan",Riyadh,46.6977,24.6748,High income,Not classified
Saudi Arabia,SA,SAU,2001,,2026-04-08,63.5605836794513,184137600000,39.633694222871,23.9268894565803,"Middle East, North Africa, Afghanistan & Pakistan",Riyadh,46.6977,24.6748,High income,Not classified
Saudi Arabia,SA,SAU,2002,,2026-04-08,64.5927974099254,189605866666.667,40.94880327191,23.6439941380154,"Middle East, North Africa, Afghanistan & Pakistan",Riyadh,46.6977,24.6748,High income,Not classified
Saudi Arabia,SA,SAU,2003,,2026-04-08,69.831170708742,215807733333.333,45.8541491871159,23.977021521626,"Middle East, North Africa, Afghanistan & Pakistan",Riyadh,46.6977,24.6748,High income,Not classified
Saudi Arabia,SA,SAU,2004,,2026-04-08,75.0828366569341,258742133333.333,50.9853310838178,24.0975055731163,"Middle East, North Africa, Afghanistan & Pakistan",Riyadh,46.6977,24.6748,High income,Not classified
Saudi Arabia,SA,SAU,2005,,2026-04-08,81.9540759410158,328459608764.111,57.050742989557,24.9033329514589,"Middle East, North Africa, Afghanistan & Pakistan",Riyadh,46.6977,24.6748,High income,Not classified
Saudi Arabia,SA,SAU,2006,,2026-04-08,89.9446046768984,376900133511.348,59.8319082445442,30.1126964323542,"Middle East, North Africa, Afghanistan & Pakistan",Riyadh,46.6977,24.6748,High income,Not classified
Saudi Arabia,SA,SAU,2007,,2026-04-08,94.8633170967657,415964509673.115,59.9374401392842,34.9258769574815,"Middle East, North Africa, Afghanistan & Pakistan",Riyadh,46.6977,24.6748,High income,Not classified
Saudi Arabia,SA,SAU,2008,,2026-04-08,96.1026308742185,519796800000,62.1115020331022,33.9911288411164,"Middle East, North Africa, Afghanistan & Pakistan",Riyadh,46.6977,24.6748,High income,Not classified
Saudi Arabia,SA,SAU,2009,,2026-04-08,84.8583415624843,429097866666.667,47.0886206534391,37.7697209090451,"Middle East, North Africa, Afghanistan & Pakistan",Riyadh,46.6977,24.6748,High income,Not classified
Saudi Arabia,SA,SAU,2010,,2026-04-08,82.5496850227537,528207466666.667,49.5697145263124,32.9799704964413,"Middle East, North Africa, Afghanistan & Pakistan",Riyadh,46.6977,24.6748,High income,Not classified
Saudi Arabia,SA,SAU,2011,,2026-04-08,84.3594342438995,680660800000,55.2733461365779,29.0860881073216,"Middle East, North Africa, Afghanistan & Pakistan",Riyadh,46.6977,24.6748,High income,Not classified
Saudi Arabia,SA,SAU,2012,,2026-04-08,81.74067854616,751921333333.333,53.1198476436365,28.6208309025235,"Middle East, North Africa, Afghanistan & Pakistan",Riyadh,46.6977,24.6748,High income,Not classified
Saudi Arabia,SA,SAU,2013,,2026-04-08,80.2515014286783,769755733333.333,50.3725164415794,29.8789849870989,"Middle East, North Africa, Afghanistan & Pakistan",Riyadh,46.6977,24.6748,High income,Not classified
Saudi Arabia,SA,SAU,2014,,2026-04-08,78.000111117736,787153066666.667,45.0958458227862,32.9042652949498,"Middle East, North Africa, Afghanistan & Pakistan",Riyadh,46.6977,24.6748,High income,Not classified
Saudi Arabia,SA,SAU,2015,,2026-04-08,67.105269230059207,693414400000,31.4401316153804,35.6651376146789,"Middle East, North Africa, Afghanistan & Pakistan",Riyadh,46.6977,24.6748,High income,Not classified
Saudi Arabia,SA,SAU,2016,,2026-04-08,57.9216635110364,689279466666.667,29.1430897114591,28.7785737995774,"Middle East, North Africa, Afghanistan & Pakistan",Riyadh,46.6977,24.6748,High income,Not classified
Saudi Arabia,SA,SAU,2017,,2026-04-08,59.5319791578229,741266133333.333,32.3625378991189,27.169441258704,"Middle East, North Africa, Afghanistan & Pakistan",Riyadh,46.6977,24.6748,High income,Not classified
Saudi Arabia,SA,SAU,2018,,2026-04-08,59.1029104697141,886564800000,35.5209831625769,23.5819273071372,"Middle East, North Africa, Afghanistan & Pakistan",Riyadh,46.6977,24.6748,High income,Not classified
Saudi Arabia,SA,SAU,2019,,2026-04-08,56.7938204886513,888890133333.333,32.159204977113,24.6346155115383,"Middle East, North Africa, Afghanistan & Pakistan",Riyadh,46.6977,24.6748,High income,Not classified
Saudi Arabia,SA,SAU,2020,,2026-04-08,47.533159225048,767951200000,23.8098115262185,23.7233476988295,"Middle East, North Africa, Afghanistan & Pakistan",Riyadh,46.6977,24.6748,High income,Not classified
Saudi Arabia,SA,SAU,2021,,2026-04-08,50.8839263398787,982661066666.667,29.1556614026837,21.728264937195,"Middle East, North Africa, Afghanistan & Pakistan",Riyadh,46.6977,24.6748,High income,Not classified
Saudi Arabia,SA,SAU,2022,,2026-04-08,56.8241647749332,1239075200000,35.9850098955522,20.839154879381,"Middle East, North Africa, Afghanistan & Pakistan",Riyadh,46.6977,24.6748,High income,Not classified
Saudi Arabia,SA,SAU,2023,,2026-04-08,54.1690118283683,1218584533333.33,30.2425196271434,23.9264922012249,"Middle East, North Africa, Afghanistan & Pakistan",Riyadh,46.6977,24.6748,High income,Not classified
Saudi Arabia,SA,SAU,2024,,2026-04-08,54.6787052668733,1239804533333.33,29.1092122693749,25.5694929974983,"Middle East, North Africa, Afghanistan & Pakistan",Riyadh,46.6977,24.6748,High income,Not classified
Saudi Arabia,SA,SAU,2025,,2026-04-08,NA,NA,NA,NA,"Middle East, North Africa, Afghanistan & Pakistan",Riyadh,46.6977,24.6748,High income,Not classified
Turkiye,TR,TUR,1995,,2026-04-08,35.9924804952774,234699627004.035,18.3238507569896,17.6686297382878,Europe & Central Asia,Ankara,32.3606,39.7153,Upper middle income,IBRD
Turkiye,TR,TUR,1996,,2026-04-08,39.6477180344549,250366965174.129,19.5581113911938,20.0896066432611,Europe & Central Asia,Ankara,32.3606,39.7153,Upper middle income,IBRD
Turkiye,TR,TUR,1997,,2026-04-08,42.7610666826994,263817553748.395,21.4390354082889,21.3220312744105,Europe & Central Asia,Ankara,32.3606,39.7153,Upper middle income,IBRD
Turkiye,TR,TUR,1998,,2026-04-08,40.3769887377902,276035372654.608,20.6544822015948,19.7225065361954,Europe & Central Asia,Ankara,32.3606,39.7153,Upper middle income,IBRD
Turkiye,TR,TUR,1999,,2026-04-08,37.6665043273244,256673939247.773,18.8307575753475,18.8357467519768,Europe & Central Asia,Ankara,32.3606,39.7153,Upper middle income,IBRD
Turkiye,TR,TUR,2000,,2026-04-08,42.3746746988077,274748463178.502,19.9334162657424,22.4412584330653,Europe & Central Asia,Ankara,32.3606,39.7153,Upper middle income,IBRD
Turkiye,TR,TUR,2001,,2026-04-08,49.9447830679013,202195080239.036,27.2970601933763,22.6477228745251,Europe & Central Asia,Ankara,32.3606,39.7153,Upper middle income,IBRD
Turkiye,TR,TUR,2002,,2026-04-08,48.1026101234402,240778008473.845,25.2651261294128,22.8374839940274,Europe & Central Asia,Ankara,32.3606,39.7153,Upper middle income,IBRD
Turkiye,TR,TUR,2003,,2026-04-08,46.3681553387846,315392899922.379,23.1946607252779,23.1734946135067,Europe & Central Asia,Ankara,32.3606,39.7153,Upper middle income,IBRD
Turkiye,TR,TUR,2004,,2026-04-08,48.9934575435266,410156784495.948,23.8544386839448,25.1390188595817,Europe & Central Asia,Ankara,32.3606,39.7153,Upper middle income,IBRD
Turkiye,TR,TUR,2005,,2026-04-08,46.3088308846211,508314210212.544,22.118798245903,24.1900326387181,Europe & Central Asia,Ankara,32.3606,39.7153,Upper middle income,IBRD
Turkiye,TR,TUR,2006,,2026-04-08,48.9456766641314,559668118237.002,22.6756853295786,26.2699913345528,Europe & Central Asia,Ankara,32.3606,39.7153,Upper middle income,IBRD
Turkiye,TR,TUR,2007,,2026-04-08,48.027468179713,685228481017.03,22.1875803331528,25.8398878465602,Europe & Central Asia,Ankara,32.3606,39.7153,Upper middle income,IBRD
Turkiye,TR,TUR,2008,,2026-04-08,50.7612500066681,775415944332.866,23.9213779600098,26.8398720466583,Europe & Central Asia,Ankara,32.3606,39.7153,Upper middle income,IBRD
Turkiye,TR,TUR,2009,,2026-04-08,47.0391385732199,653894449921.288,23.7578595278795,23.2812790453404,Europe & Central Asia,Ankara,32.3606,39.7153,Upper middle income,IBRD
Turkiye,TR,TUR,2010,,2026-04-08,46.9433366709891,782545664268.333,21.5899457839207,25.3533908870685,Europe & Central Asia,Ankara,32.3606,39.7153,Upper middle income,IBRD
Turkiye,TR,TUR,2011,,2026-04-08,53.651583897618,844192507380.795,23.4903574412774,30.1612264563406,Europe & Central Asia,Ankara,32.3606,39.7153,Upper middle income,IBRD
Turkiye,TR,TUR,2012,,2026-04-08,53.3277612968607,885327622479.052,24.9658181147838,28.3619431820769,Europe & Central Asia,Ankara,32.3606,39.7153,Upper middle income,IBRD
Turkiye,TR,TUR,2013,,2026-04-08,53.0683530043043,962167643588.925,24.403259811358,28.6650931929463,Europe & Central Asia,Ankara,32.3606,39.7153,Upper middle income,IBRD
Turkiye,TR,TUR,2014,,2026-04-08,54.30677404128,942343431928.654,25.8173246854016,28.4894493558784,Europe & Central Asia,Ankara,32.3606,39.7153,Upper middle income,IBRD
Turkiye,TR,TUR,2015,,2026-04-08,51.8749252596832,865460050683.656,25.280784580735,26.5941406789482,Europe & Central Asia,Ankara,32.3606,39.7153,Upper middle income,IBRD
Turkiye,TR,TUR,2016,,2026-04-08,48.870183807987,870818016909.84,23.6322024334399,25.2379813745471,Europe & Central Asia,Ankara,32.3606,39.7153,Upper middle income,IBRD
Turkiye,TR,TUR,2017,,2026-04-08,56.1356585158689,863874522365.276,26.5394989930636,29.5961595228053,Europe & Central Asia,Ankara,32.3606,39.7153,Upper middle income,IBRD
Turkiye,TR,TUR,2018,,2026-04-08,62.8251323851165,788356985773.667,31.7278536539697,31.0972787311468,Europe & Central Asia,Ankara,32.3606,39.7153,Upper middle income,IBRD
Turkiye,TR,TUR,2019,,2026-04-08,62.5784589326239,775853144222.613,33.0298811646869,29.548577767937,Europe & Central Asia,Ankara,32.3606,39.7153,Upper middle income,IBRD
Turkiye,TR,TUR,2020,,2026-04-08,60.389853117297,733628247119.077,28.7400043468285,31.6498487704686,Europe & Central Asia,Ankara,32.3606,39.7153,Upper middle income,IBRD
Turkiye,TR,TUR,2021,,2026-04-08,69.6088976086437,839938668172.134,35.0536332850518,34.5552643235919,Europe & Central Asia,Ankara,32.3606,39.7153,Upper middle income,IBRD
Turkiye,TR,TUR,2022,,2026-04-08,79.8982722314341,926097476913.818,38.1412107474416,41.7570614839925,Europe & Central Asia,Ankara,32.3606,39.7153,Upper middle income,IBRD
Turkiye,TR,TUR,2023,,2026-04-08,65.6832084738667,1141242864657.45,31.9135926809724,33.7696157928943,Europe & Central Asia,Ankara,32.3606,39.7153,Upper middle income,IBRD
Turkiye,TR,TUR,2024,,2026-04-08,54.5988061195916,1359123768774.12,27.5682232095509,27.0305829100406,Europe & Central Asia,Ankara,32.3606,39.7153,Upper middle income,IBRD
Turkiye,TR,TUR,2025,,2026-04-08,NA,NA,NA,NA,Europe & Central Asia,Ankara,32.3606,39.7153,Upper middle income,IBRD
United Arab Emirates,AE,ARE,1995,,2026-04-08,NA,65743666575.8649,NA,NA,"Middle East, North Africa, Afghanistan & Pakistan",Abu Dhabi,54.3705,24.4764,High income,Not classified
United Arab Emirates,AE,ARE,1996,,2026-04-08,NA,73571233996.1863,NA,NA,"Middle East, North Africa, Afghanistan & Pakistan",Abu Dhabi,54.3705,24.4764,High income,Not classified
United Arab Emirates,AE,ARE,1997,,2026-04-08,NA,78839008444.5655,NA,NA,"Middle East, North Africa, Afghanistan & Pakistan",Abu Dhabi,54.3705,24.4764,High income,Not classified
United Arab Emirates,AE,ARE,1998,,2026-04-08,NA,75674336283.1858,NA,NA,"Middle East, North Africa, Afghanistan & Pakistan",Abu Dhabi,54.3705,24.4764,High income,Not classified
United Arab Emirates,AE,ARE,1999,,2026-04-08,NA,84445473110.9598,NA,NA,"Middle East, North Africa, Afghanistan & Pakistan",Abu Dhabi,54.3705,24.4764,High income,Not classified
United Arab Emirates,AE,ARE,2000,,2026-04-08,NA,104337372362.151,NA,NA,"Middle East, North Africa, Afghanistan & Pakistan",Abu Dhabi,54.3705,24.4764,High income,Not classified
United Arab Emirates,AE,ARE,2001,,2026-04-08,89.8645799289427,103311640571.818,49.1592253276122,40.7053546013305,"Middle East, North Africa, Afghanistan & Pakistan",Abu Dhabi,54.3705,24.4764,High income,Not classified
United Arab Emirates,AE,ARE,2002,,2026-04-08,93.0716588147781,109816201497.617,49.5033473840813,43.5683114306968,"Middle East, North Africa, Afghanistan & Pakistan",Abu Dhabi,54.3705,24.4764,High income,Not classified
United Arab Emirates,AE,ARE,2003,,2026-04-08,102.300169490783,124346358066.712,55.9231992151745,46.3769702756087,"Middle East, North Africa, Afghanistan & Pakistan",Abu Dhabi,54.3705,24.4764,High income,Not classified
United Arab Emirates,AE,ARE,2004,,2026-04-08,116.622612523831,147824370319.946,63.5677298138648,53.0548827099662,"Middle East, North Africa, Afghanistan & Pakistan",Abu Dhabi,54.3705,24.4764,High income,Not classified
United Arab Emirates,AE,ARE,2005,,2026-04-08,119.552871642254,180617467964.602,67.5853113898841,51.9675602523703,"Middle East, North Africa, Afghanistan & Pakistan",Abu Dhabi,54.3705,24.4764,High income,Not classified
United Arab Emirates,AE,ARE,2006,,2026-04-08,119.470669577786,222116541865.214,68.6277976715135,50.8428719062721,"Middle East, North Africa, Afghanistan & Pakistan",Abu Dhabi,54.3705,24.4764,High income,Not classified
United Arab Emirates,AE,ARE,2007,,2026-04-08,136.798152865771,257916133424.098,72.3840975003088,64.4140553654625,"Middle East, North Africa, Afghanistan & Pakistan",Abu Dhabi,54.3705,24.4764,High income,Not classified
United Arab Emirates,AE,ARE,2008,,2026-04-08,148.513544025723,315474615738.598,78.86788870154,69.6456553241827,"Middle East, North Africa, Afghanistan & Pakistan",Abu Dhabi,54.3705,24.4764,High income,Not classified
United Arab Emirates,AE,ARE,2009,,2026-04-08,153.461944358373,253547358747.447,79.6533178621862,73.8086264961866,"Middle East, North Africa, Afghanistan & Pakistan",Abu Dhabi,54.3705,24.4764,High income,Not classified
United Arab Emirates,AE,ARE,2010,,2026-04-08,135.485709128426,307736419332.88,77.4455343570214,58.0401747714045,"Middle East, North Africa, Afghanistan & Pakistan",Abu Dhabi,54.3705,24.4764,High income,Not classified
United Arab Emirates,AE,ARE,2011,,2026-04-08,144.176786868982,368881143635.126,85.628648366152,58.5481385028301,"Middle East, North Africa, Afghanistan & Pakistan",Abu Dhabi,54.3705,24.4764,High income,Not classified
United Arab Emirates,AE,ARE,2012,,2026-04-08,156.637694501481,392793464942.138,95.6008662534124,61.036828248069,"Middle East, North Africa, Afghanistan & Pakistan",Abu Dhabi,54.3705,24.4764,High income,Not classified
United Arab Emirates,AE,ARE,2013,,2026-04-08,157.398083989641,409632675289.313,95.7551835445394,61.6429004451015,"Middle East, North Africa, Afghanistan & Pakistan",Abu Dhabi,54.3705,24.4764,High income,Not classified
United Arab Emirates,AE,ARE,2014,,2026-04-08,159.515615057764,424935874744.724,94.773856080155,64.7417589776089,"Middle East, North Africa, Afghanistan & Pakistan",Abu Dhabi,54.3705,24.4764,High income,Not classified
United Arab Emirates,AE,ARE,2015,,2026-04-08,164.286182737903,381973042886.317,93.8625430925095,70.4236396453939,"Middle East, North Africa, Afghanistan & Pakistan",Abu Dhabi,54.3705,24.4764,High income,Not classified
United Arab Emirates,AE,ARE,2016,,2026-04-08,165.39501917458,381717086453.37,94.4747534696859,70.9202657048941,"Middle East, North Africa, Afghanistan & Pakistan",Abu Dhabi,54.3705,24.4764,High income,Not classified
United Arab Emirates,AE,ARE,2017,,2026-04-08,165.476542469815,403365010211.028,94.7373963619868,70.7391461078281,"Middle East, North Africa, Afghanistan & Pakistan",Abu Dhabi,54.3705,24.4764,High income,Not classified
United Arab Emirates,AE,ARE,2018,,2026-04-08,154.747005019293,440560108917.631,90.8429581255868,63.9040468937061,"Middle East, North Africa, Afghanistan & Pakistan",Abu Dhabi,54.3705,24.4764,High income,Not classified
United Arab Emirates,AE,ARE,2019,,2026-04-08,163.822152944853,433926208304.969,93.3023091201398,70.5198438247132,"Middle East, North Africa, Afghanistan & Pakistan",Abu Dhabi,54.3705,24.4764,High income,Not classified
United Arab Emirates,AE,ARE,2020,,2026-04-08,181.29188817064,357161878829.135,98.0724675358339,83.2194206348057,"Middle East, North Africa, Afghanistan & Pakistan",Abu Dhabi,54.3705,24.4764,High income,Not classified
United Arab Emirates,AE,ARE,2021,,2026-04-08,182.909355066597,422441388699.796,100.642574267637,82.2667807989604,"Middle East, North Africa, Afghanistan & Pakistan",Abu Dhabi,54.3705,24.4764,High income,Not classified
United Arab Emirates,AE,ARE,2022,,2026-04-08,185.741660982819,511403403675.97,102.051988974133,83.6896720086852,"Middle East, North Africa, Afghanistan & Pakistan",Abu Dhabi,54.3705,24.4764,High income,Not classified
United Arab Emirates,AE,ARE,2023,,2026-04-08,199.044979237546,522622191967.325,106.846139017261,92.1988402202852,"Middle East, North Africa, Afghanistan & Pakistan",Abu Dhabi,54.3705,24.4764,High income,Not classified
United Arab Emirates,AE,ARE,2024,,2026-04-08,NA,552324846834.581,NA,NA,"Middle East, North Africa, Afghanistan & Pakistan",Abu Dhabi,54.3705,24.4764,High income,Not classified
United Arab Emirates,AE,ARE,2025,,2026-04-08,NA,NA,NA,NA,"Middle East, North Africa, Afghanistan & Pakistan",Abu Dhabi,54.3705,24.4764,High income,Not classified
United Kingdom,GB,GBR,1995,,2026-04-08,50.8300766971451,1349094208616.06,25.6967602854533,25.1333164116918,Europe & Central Asia,London,-0.126236,51.5002,High income,Not classified
United Kingdom,GB,GBR,1996,,2026-04-08,52.0576088895797,1425287051482.06,26.2671449164796,25.7904639731001,Europe & Central Asia,London,-0.126236,51.5002,High income,Not classified
United Kingdom,GB,GBR,1997,,2026-04-08,50.7045618383811,1569317288801.57,25.6189888987303,25.0855729396509,Europe & Central Asia,London,-0.126236,51.5002,High income,Not classified
United Kingdom,GB,GBR,1998,,2026-04-08,49.1409088914683,1660821464060.95,24.3214027865864,24.8195061048819,Europe & Central Asia,London,-0.126236,51.5002,High income,Not classified
United Kingdom,GB,GBR,1999,,2026-04-08,49.4683905163429,1693458987218.9,24.2105152537386,25.2578752626043,Europe & Central Asia,London,-0.126236,51.5002,High income,Not classified
United Kingdom,GB,GBR,2000,,2026-04-08,52.3380212335903,1671597821152.97,25.5563430576261,26.7816781759642,Europe & Central Asia,London,-0.126236,51.5002,High income,Not classified
United Kingdom,GB,GBR,2001,,2026-04-08,52.6342367336438,1656171009068.66,25.4493099773846,27.1849267562592,Europe & Central Asia,London,-0.126236,51.5002,High income,Not classified
United Kingdom,GB,GBR,2002,,2026-04-08,51.2361820991323,1790536570743.41,24.4315052325124,26.8046768666199,Europe & Central Asia,London,-0.126236,51.5002,High income,Not classified
United Kingdom,GB,GBR,2003,,2026-04-08,50.0681187039704,2061227755102.04,23.9686749011091,26.0994438028613,Europe & Central Asia,London,-0.126236,51.5002,High income,Not classified
United Kingdom,GB,GBR,2004,,2026-04-08,50.2885521756133,2429774807762.72,23.9845291728171,26.3040230027962,Europe & Central Asia,London,-0.126236,51.5002,High income,Not classified
United Kingdom,GB,GBR,2005,,2026-04-08,52.5442740383211,2551361818181.82,25.2070017509366,27.3372722873845,Europe & Central Asia,London,-0.126236,51.5002,High income,Not classified
United Kingdom,GB,GBR,2006,,2026-04-08,56.7047791729812,2719558417663.29,27.412859926391,29.2919192465902,Europe & Central Asia,London,-0.126236,51.5002,High income,Not classified
United Kingdom,GB,GBR,2007,,2026-04-08,52.7493524964733,3104699879951.98,25.4079803883281,27.3413721081452,Europe & Central Asia,London,-0.126236,51.5002,High income,Not classified
United Kingdom,GB,GBR,2008,,2026-04-08,56.4365501052604,2945251838235.29,27.3794373670982,29.0571127381622,Europe & Central Asia,London,-0.126236,51.5002,High income,Not classified
United Kingdom,GB,GBR,2009,,2026-04-08,54.6537301085991,2429358155475.93,26.7073659504747,27.9463641581244,Europe & Central Asia,London,-0.126236,51.5002,High income,Not classified
United Kingdom,GB,GBR,2010,,2026-04-08,59.0511802227821,2496740681057.14,28.7463664387355,30.3048137840466,Europe & Central Asia,London,-0.126236,51.5002,High income,Not classified
United Kingdom,GB,GBR,2011,,2026-04-08,63.3240615708901,2675590034128.66,31.2649218986254,32.0591396722646,Europe & Central Asia,London,-0.126236,51.5002,High income,Not classified
United Kingdom,GB,GBR,2012,,2026-04-08,61.9688704472535,2719715961539.83,30.4995388300455,31.469331617208,Europe & Central Asia,London,-0.126236,51.5002,High income,Not classified
United Kingdom,GB,GBR,2013,,2026-04-08,61.7195395154583,2796908333283.39,30.2076160154538,31.5119235000045,Europe & Central Asia,London,-0.126236,51.5002,High income,Not classified
United Kingdom,GB,GBR,2014,,2026-04-08,58.8210228333296,3085362169410.29,28.5320090066163,30.2890138267133,Europe & Central Asia,London,-0.126236,51.5002,High income,Not classified
United Kingdom,GB,GBR,2015,,2026-04-08,57.125044605439,2945579890258.46,27.8790736176463,29.2459709877926,Europe & Central Asia,London,-0.126236,51.5002,High income,Not classified
United Kingdom,GB,GBR,2016,,2026-04-08,59.8395315138259,2706807606538.73,29.0615561502528,30.7779753635731,Europe & Central Asia,London,-0.126236,51.5002,High income,Not classified
United Kingdom,GB,GBR,2017,,2026-04-08,63.1899245764158,2699118387873.1,30.9738310965649,32.216093479851,Europe & Central Asia,London,-0.126236,51.5002,High income,Not classified
United Kingdom,GB,GBR,2018,,2026-04-08,64.9097721959201,2897028009916.05,31.854534000688,33.0552381952321,Europe & Central Asia,London,-0.126236,51.5002,High income,Not classified
United Kingdom,GB,GBR,2019,,2026-04-08,65.0035664177054,2875710080015.3,31.9028602803155,33.1007061373899,Europe & Central Asia,London,-0.126236,51.5002,High income,Not classified
United Kingdom,GB,GBR,2020,,2026-04-08,59.1598893030611,2724001478304.59,29.9486520576829,29.2112372453782,Europe & Central Asia,London,-0.126236,51.5002,High income,Not classified
United Kingdom,GB,GBR,2021,,2026-04-08,58.53838629291,3194559188925.93,29.2894071087705,29.2489791841395,Europe & Central Asia,London,-0.126236,51.5002,High income,Not classified
United Kingdom,GB,GBR,2022,,2026-04-08,69.1989264413981,3181244350465.41,34.0619283837069,35.1369980576912,Europe & Central Asia,London,-0.126236,51.5002,High income,Not classified
United Kingdom,GB,GBR,2023,,2026-04-08,64.9923841747803,3420796653789.08,31.9122697629938,33.0801144117865,Europe & Central Asia,London,-0.126236,51.5002,High income,Not classified
United Kingdom,GB,GBR,2024,,2026-04-08,62.8401605267118,3686033044482.13,30.9841588401688,31.856001686543,Europe & Central Asia,London,-0.126236,51.5002,High income,Not classified
United Kingdom,GB,GBR,2025,,2026-04-08,NA,NA,NA,NA,Europe & Central Asia,London,-0.126236,51.5002,High income,Not classified
United States,US,USA,1995,,2026-04-08,22.4533816490568,7639749000000,10.639223880261,11.8141577687958,North America,Washington D.C.,-77.032,38.8895,High income,Not classified
United States,US,USA,1996,,2026-04-08,22.6870719902412,8073122000000,10.7466355642836,11.9404364259576,North America,Washington D.C.,-77.032,38.8895,High income,Not classified
United States,US,USA,1997,,2026-04-08,23.4283210916839,8577554457000,11.1197545265553,12.3085665651286,North America,Washington D.C.,-77.032,38.8895,High income,Not classified
United States,US,USA,1998,,2026-04-08,22.8258909523693,9062818202000,10.5152611335588,12.3106298188105,North America,Washington D.C.,-77.032,38.8895,High income,Not classified
United States,US,USA,1999,,2026-04-08,23.3135637046602,9631174489000,10.309334558667,13.0042291459932,North America,Washington D.C.,-77.032,38.8895,High income,Not classified
United States,US,USA,2000,,2026-04-08,25.1029953595813,10250947997000,10.6927769053241,14.4102184542572,North America,Washington D.C.,-77.032,38.8895,High income,Not classified
United States,US,USA,2001,,2026-04-08,22.967181335596,10581929774000,9.70344749898923,13.2637338366067,North America,Washington D.C.,-77.032,38.8895,High income,Not classified
United States,US,USA,2002,,2026-04-08,22.2863741094897,10929112955000,9.131381513844,13.1549925956457,North America,Washington D.C.,-77.032,38.8895,High income,Not classified
United States,US,USA,2003,,2026-04-08,22.6273130062789,11456442041000,9.03565868264667,13.5916543236323,North America,Washington D.C.,-77.032,38.8895,High income,Not classified
United States,US,USA,2004,,2026-04-08,24.4480622643257,12217193198000,9.62875008142275,14.8193121829029,North America,Washington D.C.,-77.032,38.8895,High income,Not classified
United States,US,USA,2005,,2026-04-08,25.6385530316517,13039199193000,9.98205473154167,15.65649830011,North America,Washington D.C.,-77.032,38.8895,High income,Not classified
United States,US,USA,2006,,2026-04-08,26.9752780973197,13815586948000,10.641386468295,16.3338916290247,North America,Washington D.C.,-77.032,38.8895,High income,Not classified
United States,US,USA,2007,,2026-04-08,28.0120176822667,14474226905000,11.4637901622698,16.5482275199969,North America,Washington D.C.,-77.032,38.8895,High income,Not classified
United States,US,USA,2008,,2026-04-08,29.8677957945319,14769857911000,12.4258473646734,17.4419484298585,North America,Washington D.C.,-77.032,38.8895,High income,Not classified
United States,US,USA,2009,,2026-04-08,24.7595311689876,14478064934000,10.9322206193664,13.8273105496213,North America,Washington D.C.,-77.032,38.8895,High income,Not classified
United States,US,USA,2010,,2026-04-08,28.2198952346731,15048964444000,12.3413608086534,15.8785344260197,North America,Washington D.C.,-77.032,38.8895,High income,Not classified
United States,US,USA,2011,,2026-04-08,30.8424862411943,15599728123000,13.5634671535102,17.2790190876841,North America,Washington D.C.,-77.032,38.8895,High income,Not classified
United States,US,USA,2012,,2026-04-08,30.6818353657295,16253972230000,13.6440493967794,17.0377859689502,North America,Washington D.C.,-77.032,38.8895,High income,Not classified
United States,US,USA,2013,,2026-04-08,30.0079539684645,16843190993000,13.5836612014366,16.4242927670279,North America,Washington D.C.,-77.032,38.8895,High income,Not classified
United States,US,USA,2014,,2026-04-08,30.0044781614855,17550680174000,13.5524377198989,16.4520404415866,North America,Washington D.C.,-77.032,38.8895,High income,Not classified
United States,US,USA,2015,,2026-04-08,27.8235649187872,18206020741000,12.4718192531032,15.351745665684,North America,Washington D.C.,-77.032,38.8895,High income,Not classified
United States,US,USA,2016,,2026-04-08,26.6079620604584,18695110842000,11.957982056879,14.6499800035794,North America,Washington D.C.,-77.032,38.8895,High income,Not classified
United States,US,USA,2017,,2026-04-08,27.3130208877206,19477336549000,12.2617381180006,15.0512827697199,North America,Washington D.C.,-77.032,38.8895,High income,Not classified
United States,US,USA,2018,,2026-04-08,27.6103792720958,20533057312000,12.3609892157496,15.2493900563462,North America,Washington D.C.,-77.032,38.8895,High income,Not classified
United States,US,USA,2019,,2026-04-08,26.4537594940475,21380976119000,11.8768712235892,14.5768882704583,North America,Washington D.C.,-77.032,38.8895,High income,Not classified
United States,US,USA,2020,,2026-04-08,23.4015629969394,21060473613000,10.2141055302392,13.1874574667002,North America,Washington D.C.,-77.032,38.8895,High income,Not classified
United States,US,USA,2021,,2026-04-08,25.6095576621932,23315080560000,10.9604167715559,14.6491408906374,North America,Washington D.C.,-77.032,38.8895,High income,Not classified
United States,US,USA,2022,,2026-04-08,27.3139397355363,25604848907611,11.7844046293243,15.529535106212,North America,Washington D.C.,-77.032,38.8895,High income,Not classified
United States,US,USA,2023,,2026-04-08,25.2903297883366,27292170793214.4,11.1844126402687,14.1059171480679,North America,Washington D.C.,-77.032,38.8895,High income,Not classified
United States,US,USA,2024,,2026-04-08,25.3786342507088,28750956130731.2,11.1074566893674,14.2711775613413,North America,Washington D.C.,-77.032,38.8895,High income,Not classified
United States,US,USA,2025,,2026-04-08,NA,NA,NA,NA,North America,Washington D.C.,-77.032,38.8895,High income,Not classified
World,1W,WLD,1995,,2026-04-08,42.9284704406154,31245419629026,20.6473250710944,20.1787728286381,Aggregates,,,,Aggregates,Aggregates
World,1W,WLD,1996,,2026-04-08,43.0445299864414,31968950237590.7,21.0846863643142,20.6717068433067,Aggregates,,,,Aggregates,Aggregates
World,1W,WLD,1997,,2026-04-08,44.8358797233114,31870560107975.7,21.9475420950511,21.4088555780169,Aggregates,,,,Aggregates,Aggregates
World,1W,WLD,1998,,2026-04-08,45.4565290032172,31733749169046.7,21.7871230250333,21.3725203183817,Aggregates,,,,Aggregates,Aggregates
World,1W,WLD,1999,,2026-04-08,45.9195943612382,32782827769545.3,21.8764945691588,21.6139666302355,Aggregates,,,,Aggregates,Aggregates
World,1W,WLD,2000,,2026-04-08,50.3042044081245,33898156427205.9,23.465314497536,23.4126440214619,Aggregates,,,,Aggregates,Aggregates
World,1W,WLD,2001,,2026-04-08,49.1765384120151,33690417699612.7,22.8706101918268,22.913313443235,Aggregates,,,,Aggregates,Aggregates
World,1W,WLD,2002,,2026-04-08,49.1934640328003,34991525564916.9,23.1167282054792,22.9304547761721,Aggregates,,,,Aggregates,Aggregates
World,1W,WLD,2003,,2026-04-08,50.847305786992,39243276986261.9,23.8620946261187,23.6865981791323,Aggregates,,,,Aggregates,Aggregates
World,1W,WLD,2004,,2026-04-08,54.4024779622624,44225384449869.7,25.72266966837,25.4719036270624,Aggregates,,,,Aggregates,Aggregates
World,1W,WLD,2005,,2026-04-08,56.4475477827097,47900489808168.8,26.9956835265631,26.6660704538074,Aggregates,,,,Aggregates,Aggregates
World,1W,WLD,2006,,2026-04-08,58.5905535284741,51923507284496,28.6412139448289,28.1201193441278,Aggregates,,,,Aggregates,Aggregates
World,1W,WLD,2007,,2026-04-08,58.966375474231,58525785801185.8,29.5693829800693,28.9057481600728,Aggregates,,,,Aggregates,Aggregates
World,1W,WLD,2008,,2026-04-08,60.5698143010809,64311729364641.3,30.7318264826165,30.1637589947754,Aggregates,,,,Aggregates,Aggregates
World,1W,WLD,2009,,2026-04-08,52.0809900200333,60982255960004.4,26.1664005952213,25.5662168216021,Aggregates,,,,Aggregates,Aggregates
World,1W,WLD,2010,,2026-04-08,56.4159468717993,66811191491614.9,28.4669433066351,27.6578959419292,Aggregates,,,,Aggregates,Aggregates
World,1W,WLD,2011,,2026-04-08,59.5371105603304,74309709353789.3,30.2537830718254,29.4108781573917,Aggregates,,,,Aggregates,Aggregates
World,1W,WLD,2012,,2026-04-08,59.3502507190567,75960594595757,30.0481202850047,29.1381912579579,Aggregates,,,,Aggregates,Aggregates
World,1W,WLD,2013,,2026-04-08,58.7078861767085,78034892841179.1,30.0630035970308,29.1098741885409,Aggregates,,,,Aggregates,Aggregates
World,1W,WLD,2014,,2026-04-08,58.1300187518142,80054888775431.1,29.7951092981908,28.9113755415088,Aggregates,,,,Aggregates,Aggregates
World,1W,WLD,2015,,2026-04-08,55.7349858105449,75621913961646.1,28.1279499982702,27.3665653623812,Aggregates,,,,Aggregates,Aggregates
World,1W,WLD,2016,,2026-04-08,53.9114215972707,76831684012526.2,27.1733448541393,26.4261554720998,Aggregates,,,,Aggregates,Aggregates
World,1W,WLD,2017,,2026-04-08,55.5882472883587,81839102917044.7,28.0985775804599,27.3381383143691,Aggregates,,,,Aggregates,Aggregates
World,1W,WLD,2018,,2026-04-08,57.1241197323954,87050964956078.4,28.9645549515477,28.2774669093542,Aggregates,,,,Aggregates,Aggregates
World,1W,WLD,2019,,2026-04-08,55.9091127292441,88483262418196.7,28.0286411061976,27.4573480534735,Aggregates,,,,Aggregates,Aggregates
World,1W,WLD,2020,,2026-04-08,51.9733628554011,85912761035231.2,26.1424382751072,25.4588107112081,Aggregates,,,,Aggregates,Aggregates
World,1W,WLD,2021,,2026-04-08,56.7104814151821,98140475264975.8,28.6484687009845,27.6533450644797,Aggregates,,,,Aggregates,Aggregates
World,1W,WLD,2022,,2026-04-08,62.4216664720525,102251524725531,30.8924313316351,30.121159893837,Aggregates,,,,Aggregates,Aggregates
World,1W,WLD,2023,,2026-04-08,58.1981732430475,106741647821064,29.1526088861702,28.3739807661794,Aggregates,,,,Aggregates,Aggregates
World,1W,WLD,2024,,2026-04-08,56.7581439140522,110982661180013,29.1076344499062,28.1833683199401,Aggregates,,,,Aggregates,Aggregates
World,1W,WLD,2025,,2026-04-08,NA,NA,NA,NA,Aggregates,,,,Aggregates,Aggregates
