country,iso2c,iso3c,year,status,lastupdated,NE.TRD.GNFS.ZS,NY.GDP.MKTP.CD,NE.EXP.GNFS.ZS,NE.IMP.GNFS.ZS,region,capital,longitude,latitude,income,lending
China,CN,CHN,1995,,2026-07-01,34.1049521589323,738190896227.55,17.8624291729756,16.2425229859567,East Asia & Pacific,Beijing,116.286,40.0495,Upper middle income,IBRD
China,CN,CHN,1996,,2026-07-01,33.6287512313005,868523936530.083,17.8247104643429,15.8040407669576,East Asia & Pacific,Beijing,116.286,40.0495,Upper middle income,IBRD
China,CN,CHN,1997,,2026-07-01,34.3135763220021,967753570434.667,19.3692945938508,14.9442817281513,East Asia & Pacific,Beijing,116.286,40.0495,Upper middle income,IBRD
China,CN,CHN,1998,,2026-07-01,32.1717399357488,1037134141760.35,18.1992267514817,13.9725131842671,East Asia & Pacific,Beijing,116.286,40.0495,Upper middle income,IBRD
China,CN,CHN,1999,,2026-07-01,33.2255380760054,1103843203575.64,18.0006905864312,15.2248474895742,East Asia & Pacific,Beijing,116.286,40.0495,Upper middle income,IBRD
China,CN,CHN,2000,,2026-07-01,39.0109424774998,1223754919971.05,20.681599363293,18.3293431142068,East Asia & Pacific,Beijing,116.286,40.0495,Upper middle income,IBRD
China,CN,CHN,2001,,2026-07-01,38.0826469518334,1355036590251.52,20.0776873829946,18.0049595688389,East Asia & Pacific,Beijing,116.286,40.0495,Upper middle income,IBRD
China,CN,CHN,2002,,2026-07-01,42.1944423387413,1489821682050.54,22.3518233715808,19.8426189671605,East Asia & Pacific,Beijing,116.286,40.0495,Upper middle income,IBRD
China,CN,CHN,2003,,2026-07-01,51.0774801301803,1683903309843.85,26.6023738514511,24.4751062787292,East Asia & Pacific,Beijing,116.286,40.0495,Upper middle income,IBRD
China,CN,CHN,2004,,2026-07-01,58.640334040843904,1984196551300.44,30.6097162464404,28.0306177944035,East Asia & Pacific,Beijing,116.286,40.0495,Upper middle income,IBRD
China,CN,CHN,2005,,2026-07-01,61.3600749408237,2317551298052.05,33.3687977498922,27.9912771909315,East Asia & Pacific,Beijing,116.286,40.0495,Upper middle income,IBRD
China,CN,CHN,2006,,2026-07-01,63.5695798621627,2791498472804.33,35.5268468681701,28.0427329939926,East Asia & Pacific,Beijing,116.286,40.0495,Upper middle income,IBRD
China,CN,CHN,2007,,2026-07-01,61.2664640006176,3604055822571.63,34.9066956194649,26.3597683811527,East Asia & Pacific,Beijing,116.286,40.0495,Upper middle income,IBRD
China,CN,CHN,2008,,2026-07-01,56.7111330003209,4667346414521.95,32.092513602143,24.6186193981779,East Asia & Pacific,Beijing,116.286,40.0495,Upper middle income,IBRD
China,CN,CHN,2009,,2026-07-01,44.4197644331119,5189577094997.58,24.3307718125403,20.0889926205716,East Asia & Pacific,Beijing,116.286,40.0495,Upper middle income,IBRD
China,CN,CHN,2010,,2026-07-01,49.8540722338977,6192564874453.29,26.7227451502469,23.1313270836509,East Asia & Pacific,Beijing,116.286,40.0495,Upper middle income,IBRD
China,CN,CHN,2011,,2026-07-01,49.9458272253643,7671757207851.29,26.1518828948759,23.7939443304884,East Asia & Pacific,Beijing,116.286,40.0495,Upper middle income,IBRD
China,CN,CHN,2012,,2026-07-01,47.4802130784317,8673664713189.24,25.07670432956,22.4035087488717,East Asia & Pacific,Beijing,116.286,40.0495,Upper middle income,IBRD
China,CN,CHN,2013,,2026-07-01,45.9160413795571,9743124247267.24,24.1633430905854,21.7526982889717,East Asia & Pacific,Beijing,116.286,40.0495,Upper middle income,IBRD
China,CN,CHN,2014,,2026-07-01,44.0684564812532,10674533168257.4,23.0719766947263,20.9964797865269,East Asia & Pacific,Beijing,116.286,40.0495,Upper middle income,IBRD
China,CN,CHN,2015,,2026-07-01,38.6971848362625,11280814787468.9,20.9390642234326,17.7581206128298,East Asia & Pacific,Beijing,116.286,40.0495,Upper middle income,IBRD
China,CN,CHN,2016,,2026-07-01,36.177170692978,11456024084962,19.2036507365412,16.9735199564368,East Asia & Pacific,Beijing,116.286,40.0495,Upper middle income,IBRD
China,CN,CHN,2017,,2026-07-01,36.95085261586,12537559062282.9,19.3356301657728,17.6152224500872,East Asia & Pacific,Beijing,116.286,40.0495,Upper middle income,IBRD
China,CN,CHN,2018,,2026-07-01,36.8943843914718,14147765772963.8,18.770519802938,18.1238645885338,East Asia & Pacific,Beijing,116.286,40.0495,Upper middle income,IBRD
China,CN,CHN,2019,,2026-07-01,35.4544350281407,14560167101283.4,18.1398222864053,17.3146127417354,East Asia & Pacific,Beijing,116.286,40.0495,Upper middle income,IBRD
China,CN,CHN,2020,,2026-07-01,34.337778473884,14996414166715.1,18.2696013805051,16.0681770933789,East Asia & Pacific,Beijing,116.286,40.0495,Upper middle income,IBRD
China,CN,CHN,2021,,2026-07-01,36.6428789643754,18201698719564,19.4350556514909,17.2078233128845,East Asia & Pacific,Beijing,116.286,40.0495,Upper middle income,IBRD
China,CN,CHN,2022,,2026-07-01,37.512555678171,18316765021690.2,20.227756033041,17.28479964513,East Asia & Pacific,Beijing,116.286,40.0495,Upper middle income,IBRD
China,CN,CHN,2023,,2026-07-01,36.7391496938394,18270356654533.2,19.4023091648376,17.3368405290018,East Asia & Pacific,Beijing,116.286,40.0495,Upper middle income,IBRD
China,CN,CHN,2024,,2026-07-01,37.9560601372544,18729668435848,20.4428283665891,17.5132317706653,East Asia & Pacific,Beijing,116.286,40.0495,Upper middle income,IBRD
China,CN,CHN,2025,,2026-07-01,37.9563878652312,19498039388042.6,21.0711983566772,16.8851895085539,East Asia & Pacific,Beijing,116.286,40.0495,Upper middle income,IBRD
European Union,EU,EUU,1995,,2026-07-01,57.0668787743219,8292479629104.28,28.3225426619228,26.581346253404,Aggregates,,,,Aggregates,Aggregates
European Union,EU,EUU,1996,,2026-07-01,57.8181211887127,8427282888819.22,28.6560898426167,26.7514495355429,Aggregates,,,,Aggregates,Aggregates
European Union,EU,EUU,1997,,2026-07-01,61.9223710621903,7730067215825.26,30.9387982784542,28.7330928075401,Aggregates,,,,Aggregates,Aggregates
European Union,EU,EUU,1998,,2026-07-01,63.2476873528377,7963038897258,31.5451414417978,29.6655182187014,Aggregates,,,,Aggregates,Aggregates
European Union,EU,EUU,1999,,2026-07-01,64.0297678859015,7926425566614.07,31.8609755644578,30.4491990539032,Aggregates,,,,Aggregates,Aggregates
European Union,EU,EUU,2000,,2026-07-01,71.5705308027643,7279892216791.94,35.5739384346551,34.6770073781187,Aggregates,,,,Aggregates,Aggregates
European Union,EU,EUU,2001,,2026-07-01,70.729960303726,7398267811404.69,35.5303421019999,33.9660716078462,Aggregates,,,,Aggregates,Aggregates
European Union,EU,EUU,2002,,2026-07-01,68.4361597036627,8089955515956.84,34.9094927340675,32.4986725224709,Aggregates,,,,Aggregates,Aggregates
European Union,EU,EUU,2003,,2026-07-01,67.3582029677997,9944006859363.36,34.0928140838094,32.1282670072162,Aggregates,,,,Aggregates,Aggregates
European Union,EU,EUU,2004,,2026-07-01,70.3968822673266,11434848361291.9,35.6808149380774,33.5463458268003,Aggregates,,,,Aggregates,Aggregates
European Union,EU,EUU,2005,,2026-07-01,73.5521083200505,11940626626680.2,37.0876867189909,35.4463595292001,Aggregates,,,,Aggregates,Aggregates
European Union,EU,EUU,2006,,2026-07-01,77.9839965237354,12754718274523.8,39.1475176618508,37.8830736326494,Aggregates,,,,Aggregates,Aggregates
European Union,EU,EUU,2007,,2026-07-01,79.7970750209135,14779905573599.5,40.2048231941069,38.9118526725057,Aggregates,,,,Aggregates,Aggregates
European Union,EU,EUU,2008,,2026-07-01,80.7845236252072,16360464416206,40.5592028782732,39.6352167799229,Aggregates,,,,Aggregates,Aggregates
European Union,EU,EUU,2009,,2026-07-01,70.5061152819935,14844850799682.2,35.7462696683665,34.02343881293,Aggregates,,,,Aggregates,Aggregates
European Union,EU,EUU,2010,,2026-07-01,78.2822047070773,14641776061063.4,39.6884218526412,38.05767027832,Aggregates,,,,Aggregates,Aggregates
European Union,EU,EUU,2011,,2026-07-01,83.4716467909952,15874716537128.7,42.4555714343856,40.7153576376326,Aggregates,,,,Aggregates,Aggregates
European Union,EU,EUU,2012,,2026-07-01,85.0873053879509,14731878294328.4,44.0064121189528,41.1149743624442,Aggregates,,,,Aggregates,Aggregates
European Union,EU,EUU,2013,,2026-07-01,84.7802574446217,15398511081475.3,44.2880149000695,40.7465197120667,Aggregates,,,,Aggregates,Aggregates
European Union,EU,EUU,2014,,2026-07-01,85.4945619031171,15763599531004.8,44.9094170960287,41.1283893985555,Aggregates,,,,Aggregates,Aggregates
European Union,EU,EUU,2015,,2026-07-01,86.6784730245276,13656255577702.6,46.260905005542,41.8865492862511,Aggregates,,,,Aggregates,Aggregates
European Union,EU,EUU,2016,,2026-07-01,85.7843525287716,13988150566298.6,45.9061535883817,41.5024494008138,Aggregates,,,,Aggregates,Aggregates
European Union,EU,EUU,2017,,2026-07-01,88.7153593417555,14871316217995.7,47.4989979796759,43.2580644704839,Aggregates,,,,Aggregates,Aggregates
European Union,EU,EUU,2018,,2026-07-01,90.4287934541118,16092407006604.4,48.2834712085325,44.5363437065738,Aggregates,,,,Aggregates,Aggregates
European Union,EU,EUU,2019,,2026-07-01,90.5535167755498,15809077129406.2,48.6059850968009,45.1389642400608,Aggregates,,,,Aggregates,Aggregates
European Union,EU,EUU,2020,,2026-07-01,83.8178435756324,15504058553907.7,45.8435835137981,42.2211140829848,Aggregates,,,,Aggregates,Aggregates
European Union,EU,EUU,2021,,2026-07-01,91.2027987709932,17495257191725.6,49.7170697533901,45.9109100924003,Aggregates,,,,Aggregates,Aggregates
European Union,EU,EUU,2022,,2026-07-01,103.704297824246,17023620598906.4,55.2993920196832,53.4328869564855,Aggregates,,,,Aggregates,Aggregates
European Union,EU,EUU,2023,,2026-07-01,95.2184322373871,18659279022583.3,51.7580205118519,48.1095093874691,Aggregates,,,,Aggregates,Aggregates
European Union,EU,EUU,2024,,2026-07-01,91.6412129770423,19501078750999.4,50.3674760951217,46.109481455462,Aggregates,,,,Aggregates,Aggregates
European Union,EU,EUU,2025,,2026-07-01,90.139339730175,21243212570163.3,49.6067179750537,45.8155242538209,Aggregates,,,,Aggregates,Aggregates
France,FR,FRA,1995,,2026-07-01,45.4316616938638,1595219345511.89,23.6896549224157,21.7420067714481,Europe & Central Asia,Paris,2.35097,48.8566,High income,Not classified
France,FR,FRA,1996,,2026-07-01,46.1124801589641,1598889216566.23,24.123002754589,21.9894774043751,Europe & Central Asia,Paris,2.35097,48.8566,High income,Not classified
France,FR,FRA,1997,,2026-07-01,49.803453474736,1449392222971.45,26.6303250476944,23.1731284270416,Europe & Central Asia,Paris,2.35097,48.8566,High income,Not classified
France,FR,FRA,1998,,2026-07-01,51.4214328030771,1496906382032.47,27.2527671033937,24.1686656996833,Europe & Central Asia,Paris,2.35097,48.8566,High income,Not classified
France,FR,FRA,1999,,2026-07-01,51.6706614638734,1486915879701.93,27.2069773242695,24.4636841396038,Europe & Central Asia,Paris,2.35097,48.8566,High income,Not classified
France,FR,FRA,2000,,2026-07-01,57.7860470318197,1360959069477.49,29.7580489893129,28.0279980425069,Europe & Central Asia,Paris,2.35097,48.8566,High income,Not classified
France,FR,FRA,2001,,2026-07-01,56.8932328560722,1370376677298.86,29.4306035099419,27.4626293461303,Europe & Central Asia,Paris,2.35097,48.8566,High income,Not classified
France,FR,FRA,2002,,2026-07-01,55.1325248503102,1492427756382.43,28.7307017592768,26.4018230910334,Europe & Central Asia,Paris,2.35097,48.8566,High income,Not classified
France,FR,FRA,2003,,2026-07-01,52.5988822870657,1835095983049.09,27.1369676673944,25.4619146196714,Europe & Central Asia,Paris,2.35097,48.8566,High income,Not classified
France,FR,FRA,2004,,2026-07-01,53.7497648292028,2109792297237.03,27.5381038597962,26.2116609694066,Europe & Central Asia,Paris,2.35097,48.8566,High income,Not classified
France,FR,FRA,2005,,2026-07-01,55.8228361241299,2192146403028.17,28.1635565257399,27.65927959839,Europe & Central Asia,Paris,2.35097,48.8566,High income,Not classified
France,FR,FRA,2006,,2026-07-01,57.8692775292673,2317861544690.82,28.9278484836141,28.9414290456532,Europe & Central Asia,Paris,2.35097,48.8566,High income,Not classified
France,FR,FRA,2007,,2026-07-01,58.1525611309659,2655816911866.56,28.8585344688926,29.2940266620733,Europe & Central Asia,Paris,2.35097,48.8566,High income,Not classified
France,FR,FRA,2008,,2026-07-01,59.1797928411748,2926802941585.86,29.1990596782502,29.9807331629246,Europe & Central Asia,Paris,2.35097,48.8566,High income,Not classified
France,FR,FRA,2009,,2026-07-01,52.1991123027613,2700075882518.98,25.8809482311608,26.3181640716005,Europe & Central Asia,Paris,2.35097,48.8566,High income,Not classified
France,FR,FRA,2010,,2026-07-01,56.587555247796,2646230027988.34,27.8264880915553,28.7610671562408,Europe & Central Asia,Paris,2.35097,48.8566,High income,Not classified
France,FR,FRA,2011,,2026-07-01,60.6056354816406,2870408553990.28,29.538847336075,31.0667881455656,Europe & Central Asia,Paris,2.35097,48.8566,High income,Not classified
France,FR,FRA,2012,,2026-07-01,61.6589570771102,2683007095787.23,30.3556786527444,31.3032784243658,Europe & Central Asia,Paris,2.35097,48.8566,High income,Not classified
France,FR,FRA,2013,,2026-07-01,61.8192338733962,2816077607875.26,30.5912853427773,31.2279485306189,Europe & Central Asia,Paris,2.35097,48.8566,High income,Not classified
France,FR,FRA,2014,,2026-07-01,62.1992669379507,2861236112552.42,30.741812901515,31.4574540364356,Europe & Central Asia,Paris,2.35097,48.8566,High income,Not classified
France,FR,FRA,2015,,2026-07-01,63.5046871956484,2442483452642.5,31.6934947262689,31.8111924693795,Europe & Central Asia,Paris,2.35097,48.8566,High income,Not classified
France,FR,FRA,2016,,2026-07-01,63.3427564383351,2470407619777.13,31.498210070063,31.8445463682721,Europe & Central Asia,Paris,2.35097,48.8566,High income,Not classified
France,FR,FRA,2017,,2026-07-01,65.3958481559711,2588868323334.71,32.311834044929,33.0840141110421,Europe & Central Asia,Paris,2.35097,48.8566,High income,Not classified
France,FR,FRA,2018,,2026-07-01,66.8022607812266,2781576320884.39,32.9179818922164,33.8842788890102,Europe & Central Asia,Paris,2.35097,48.8566,High income,Not classified
France,FR,FRA,2019,,2026-07-01,66.4289607281749,2722793515171.76,32.8895429451147,33.5394177830602,Europe & Central Asia,Paris,2.35097,48.8566,High income,Not classified
France,FR,FRA,2020,,2026-07-01,58.8388907240647,2647926055110.05,28.5572228192655,30.2816679047993,Europe & Central Asia,Paris,2.35097,48.8566,High income,Not classified
France,FR,FRA,2021,,2026-07-01,63.788482630872,2966433692008.09,31.2880499332105,32.5004326976615,Europe & Central Asia,Paris,2.35097,48.8566,High income,Not classified
France,FR,FRA,2022,,2026-07-01,75.9630077981996,2794788137066.94,36.6160484268785,39.3469593713211,Europe & Central Asia,Paris,2.35097,48.8566,High income,Not classified
France,FR,FRA,2023,,2026-07-01,70.6261450610225,3056250648138.29,34.4562568778842,36.1698881831383,Europe & Central Asia,Paris,2.35097,48.8566,High income,Not classified
France,FR,FRA,2024,,2026-07-01,68.1081875443744,3160442622465.08,33.8897542343832,34.2184333099912,Europe & Central Asia,Paris,2.35097,48.8566,High income,Not classified
France,FR,FRA,2025,,2026-07-01,67.1923772838849,3366315927447.33,33.3928225145364,33.7995547693485,Europe & Central Asia,Paris,2.35097,48.8566,High income,Not classified
Germany,DE,DEU,1995,,2026-07-01,42.6061486475818,2593053091306.13,21.4815282668309,21.1246203807509,Europe & Central Asia,Berlin,13.4115,52.5235,High income,Not classified
Germany,DE,DEU,1996,,2026-07-01,43.903586095325,2506576553158.31,22.2821690795205,21.6214170158045,Europe & Central Asia,Berlin,13.4115,52.5235,High income,Not classified
Germany,DE,DEU,1997,,2026-07-01,48.380321068738,2218790886532.82,24.7013999735662,23.6789210951718,Europe & Central Asia,Berlin,13.4115,52.5235,High income,Not classified
Germany,DE,DEU,1998,,2026-07-01,50.1554657792327,2247760364565.97,25.6601609051036,24.4953048741291,Europe & Central Asia,Berlin,13.4115,52.5235,High income,Not classified
Germany,DE,DEU,1999,,2026-07-01,51.519227436406,2213873468586.88,26.0298761818567,25.4893512545493,Europe & Central Asia,Berlin,13.4115,52.5235,High income,Not classified
Germany,DE,DEU,2000,,2026-07-01,59.1955992975405,1966980701145.1,29.6806532498145,29.5149460477259,Europe & Central Asia,Berlin,13.4115,52.5235,High income,Not classified
Germany,DE,DEU,2001,,2026-07-01,59.5592863682118,1966381496641.73,30.5604113813066,28.9988749869052,Europe & Central Asia,Berlin,13.4115,52.5235,High income,Not classified
Germany,DE,DEU,2002,,2026-07-01,58.3325687248129,2102350798305.89,31.1904504893495,27.1421182354634,Europe & Central Asia,Berlin,13.4115,52.5235,High income,Not classified
Germany,DE,DEU,2003,,2026-07-01,58.9145442942507,2534715518349.01,31.2678451095809,27.6466991846698,Europe & Central Asia,Berlin,13.4115,52.5235,High income,Not classified
Germany,DE,DEU,2004,,2026-07-01,62.9064909465164,2852317768061.78,33.9352126434777,28.9712783030388,Europe & Central Asia,Berlin,13.4115,52.5235,High income,Not classified
Germany,DE,DEU,2005,,2026-07-01,66.9531024934321,2893393187361.87,35.9531497908166,30.9999527026155,Europe & Central Asia,Berlin,13.4115,52.5235,High income,Not classified
Germany,DE,DEU,2006,,2026-07-01,72.7591934646234,3046308753670.58,38.9694499171537,33.7897435474697,Europe & Central Asia,Berlin,13.4115,52.5235,High income,Not classified
Germany,DE,DEU,2007,,2026-07-01,74.8838416816798,3484056680854.91,40.6368056265783,34.2470360551014,Europe & Central Asia,Berlin,13.4115,52.5235,High income,Not classified
Germany,DE,DEU,2008,,2026-07-01,76.1131665945746,3808197720125,40.9488738182043,35.1642927763703,Europe & Central Asia,Berlin,13.4115,52.5235,High income,Not classified
Germany,DE,DEU,2009,,2026-07-01,66.1391275757126,3478545516683.59,35.4545162932994,30.6846112824132,Europe & Central Asia,Berlin,13.4115,52.5235,High income,Not classified
Germany,DE,DEU,2010,,2026-07-01,73.8852351200263,3467093769666.67,39.4953465429823,34.389888577044,Europe & Central Asia,Berlin,13.4115,52.5235,High income,Not classified
Germany,DE,DEU,2011,,2026-07-01,78.433002901442,3823575803793.78,41.6436286591115,36.7893742423305,Europe & Central Asia,Berlin,13.4115,52.5235,High income,Not classified
Germany,DE,DEU,2012,,2026-07-01,79.3316495670315,3596483233406.25,42.6855834357406,36.6460661312909,Europe & Central Asia,Berlin,13.4115,52.5235,High income,Not classified
Germany,DE,DEU,2013,,2026-07-01,77.5860288576931,3807023797050.99,41.6802838324356,35.9057450252575,Europe & Central Asia,Berlin,13.4115,52.5235,High income,Not classified
Germany,DE,DEU,2014,,2026-07-01,76.8483516336234,3964870735760.77,41.6936675523627,35.1546840812607,Europe & Central Asia,Berlin,13.4115,52.5235,High income,Not classified
Germany,DE,DEU,2015,,2026-07-01,77.7565815686922,3425099578746.09,42.5853976151835,35.1711839535087,Europe & Central Asia,Berlin,13.4115,52.5235,High income,Not classified
Germany,DE,DEU,2016,,2026-07-01,76.0059902166055,3536787895179,41.6355419518592,34.3704482647463,Europe & Central Asia,Berlin,13.4115,52.5235,High income,Not classified
Germany,DE,DEU,2017,,2026-07-01,77.4548394742448,3765351626105.89,42.2029575981591,35.2518818760857,Europe & Central Asia,Berlin,13.4115,52.5235,High income,Not classified
Germany,DE,DEU,2018,,2026-07-01,79.1252260463654,4055433215301.96,42.4968914074717,36.6283346388937,Europe & Central Asia,Berlin,13.4115,52.5235,High income,Not classified
Germany,DE,DEU,2019,,2026-07-01,79.0732427175683,3959894794039.21,42.3402444816356,36.7329982359327,Europe & Central Asia,Berlin,13.4115,52.5235,High income,Not classified
Germany,DE,DEU,2020,,2026-07-01,72.9335327120137,3941398957073.94,39.1198068808828,33.8137258311309,Europe & Central Asia,Berlin,13.4115,52.5235,High income,Not classified
Germany,DE,DEU,2021,,2026-07-01,79.9195348609851,4355251953410.78,42.5198379291429,37.3996969318423,Europe & Central Asia,Berlin,13.4115,52.5235,High income,Not classified
Germany,DE,DEU,2022,,2026-07-01,88.7857542130501,4201021706478.62,45.6284043425185,43.1573498705316,Europe & Central Asia,Berlin,13.4115,52.5235,High income,Not classified
Germany,DE,DEU,2023,,2026-07-01,81.9625483787634,4562207532490.28,42.9672624196847,38.9952859590786,Europe & Central Asia,Berlin,13.4115,52.5235,High income,Not classified
Germany,DE,DEU,2024,,2026-07-01,79.0907305894936,4685592577804.69,41.4340593720908,37.6566712174028,Europe & Central Asia,Berlin,13.4115,52.5235,High income,Not classified
Germany,DE,DEU,2025,,2026-07-01,78.5128112199127,5050922925047.05,40.4347738545071,38.0780373654056,Europe & Central Asia,Berlin,13.4115,52.5235,High income,Not classified
India,IN,IND,1995,,2026-07-01,22.8674487062499,360281909643.489,10.8439680350622,12.0234806711877,South Asia,New Delhi,77.225,28.6353,Lower middle income,IBRD
India,IN,IND,1996,,2026-07-01,21.9294878713867,392896866204.516,10.3851692716063,11.5443185997804,South Asia,New Delhi,77.225,28.6353,Lower middle income,IBRD
India,IN,IND,1997,,2026-07-01,22.6193868670479,415867563592.829,10.690717318379,11.9286695486689,South Asia,New Delhi,77.225,28.6353,Lower middle income,IBRD
India,IN,IND,1998,,2026-07-01,23.6994700790647,421351317224.941,11.0184691793102,12.6810008997545,South Asia,New Delhi,77.225,28.6353,Lower middle income,IBRD
India,IN,IND,1999,,2026-07-01,24.8155980442929,458821052615.79,11.4520646128009,13.363533431492,South Asia,New Delhi,77.225,28.6353,Lower middle income,IBRD
India,IN,IND,2000,,2026-07-01,26.9009229104474,468395521654.458,12.9972363113479,13.9036865990995,South Asia,New Delhi,77.225,28.6353,Lower middle income,IBRD
India,IN,IND,2001,,2026-07-01,25.9932547534365,485440139204.171,12.5583796339108,13.4348751195257,South Asia,New Delhi,77.225,28.6353,Lower middle income,IBRD
India,IN,IND,2002,,2026-07-01,29.5086629350614,514939140318.756,14.2643839243147,15.2442790107467,South Asia,New Delhi,77.225,28.6353,Lower middle income,IBRD
India,IN,IND,2003,,2026-07-01,30.592436132908,607700687237.318,14.9479138581734,15.6445222747346,South Asia,New Delhi,77.225,28.6353,Lower middle income,IBRD
India,IN,IND,2004,,2026-07-01,37.503814059447,709152728830.775,17.8591249630479,19.6446890963991,South Asia,New Delhi,77.225,28.6353,Lower middle income,IBRD
India,IN,IND,2005,,2026-07-01,42.0016696148691,820383763511.445,19.6052466948335,22.3964229200356,South Asia,New Delhi,77.225,28.6353,Lower middle income,IBRD
India,IN,IND,2006,,2026-07-01,45.7244804992652,940259888787.721,21.2679414221966,24.4565390770687,South Asia,New Delhi,77.225,28.6353,Lower middle income,IBRD
India,IN,IND,2007,,2026-07-01,45.686268679348,1216736438834.96,20.7996997489032,24.8865689304448,South Asia,New Delhi,77.225,28.6353,Lower middle income,IBRD
India,IN,IND,2008,,2026-07-01,53.3682204392226,1198895139005.92,24.0973572601391,29.2708631790835,South Asia,New Delhi,77.225,28.6353,Lower middle income,IBRD
India,IN,IND,2009,,2026-07-01,46.2728696428837,1341888016994.9,20.4005193743564,25.8723502685274,South Asia,New Delhi,77.225,28.6353,Lower middle income,IBRD
India,IN,IND,2010,,2026-07-01,49.2552064974161,1675615519484.96,22.4009332487945,26.8542732486216,South Asia,New Delhi,77.225,28.6353,Lower middle income,IBRD
India,IN,IND,2011,,2026-07-01,55.6238800135298,1823051829894.55,24.5404113195713,31.0834686939585,South Asia,New Delhi,77.225,28.6353,Lower middle income,IBRD
India,IN,IND,2012,,2026-07-01,55.7937217287511,1827637590410.41,24.534430661418,31.2592910673332,South Asia,New Delhi,77.225,28.6353,Lower middle income,IBRD
India,IN,IND,2013,,2026-07-01,53.8441319466777,1856721507621.58,25.430861300519,28.4132706461587,South Asia,New Delhi,77.225,28.6353,Lower middle income,IBRD
India,IN,IND,2014,,2026-07-01,48.9221857470669,2039126479154.52,22.9679630081172,25.9542227389497,South Asia,New Delhi,77.225,28.6353,Lower middle income,IBRD
India,IN,IND,2015,,2026-07-01,41.9229138658647,2103588360044.94,19.8131891564045,22.1097247094602,South Asia,New Delhi,77.225,28.6353,Lower middle income,IBRD
India,IN,IND,2016,,2026-07-01,40.082485713276,2294796885663.16,19.1582349105946,20.9242508026814,South Asia,New Delhi,77.225,28.6353,Lower middle income,IBRD
India,IN,IND,2017,,2026-07-01,40.7424969545225,2651474262755.45,18.7917648392982,21.9507321152243,South Asia,New Delhi,77.225,28.6353,Lower middle income,IBRD
India,IN,IND,2018,,2026-07-01,43.6169693323889,2702929641648.74,19.9278285988562,23.6891407335327,South Asia,New Delhi,77.225,28.6353,Lower middle income,IBRD
India,IN,IND,2019,,2026-07-01,39.9054035306442,2835606256558.19,18.664264897257,21.2411386333872,South Asia,New Delhi,77.225,28.6353,Lower middle income,IBRD
India,IN,IND,2020,,2026-07-01,37.7581053292768,2674851578587.27,18.6824769296756,19.0756283996012,South Asia,New Delhi,77.225,28.6353,Lower middle income,IBRD
India,IN,IND,2021,,2026-07-01,45.4230887840446,3167270623260.47,21.3991583305515,24.0239304534931,South Asia,New Delhi,77.225,28.6353,Lower middle income,IBRD
India,IN,IND,2022,,2026-07-01,50.6979382758042,3249938492013.47,24.0401716365956,26.6577666392086,South Asia,New Delhi,77.225,28.6353,Lower middle income,IBRD
India,IN,IND,2023,,2026-07-01,46.3229520582338,3500906030644.76,22.354801966733,23.9681500915008,South Asia,New Delhi,77.225,28.6353,Lower middle income,IBRD
India,IN,IND,2024,,2026-07-01,45.9166907678748,3760813470500.86,22.0639816354399,23.8527091324349,South Asia,New Delhi,77.225,28.6353,Lower middle income,IBRD
India,IN,IND,2025,,2026-07-01,46.2682006859907,3956067115771.63,22.2630410669804,24.0051596190103,South Asia,New Delhi,77.225,28.6353,Lower middle income,IBRD
"Iran, Islamic Rep.",IR,IRN,1995,,2026-07-01,35.1442449159574,96419225743.6737,21.6762407043299,13.4680042116275,"Middle East, North Africa, Afghanistan & Pakistan",Tehran,51.4447,35.6878,Upper middle income,IBRD
"Iran, Islamic Rep.",IR,IRN,1996,,2026-07-01,35.2212991546042,120403931885.441,20.1951302398727,15.0261689147315,"Middle East, North Africa, Afghanistan & Pakistan",Tehran,51.4447,35.6878,Upper middle income,IBRD
"Iran, Islamic Rep.",IR,IRN,1997,,2026-07-01,32.6495581116416,113919163421.155,17.2779308650647,15.3716272465768,"Middle East, North Africa, Afghanistan & Pakistan",Tehran,51.4447,35.6878,Upper middle income,IBRD
"Iran, Islamic Rep.",IR,IRN,1998,,2026-07-01,29.2282196463134,110276913362.508,12.6833809123619,16.5448387339515,"Middle East, North Africa, Afghanistan & Pakistan",Tehran,51.4447,35.6878,Upper middle income,IBRD
"Iran, Islamic Rep.",IR,IRN,1999,,2026-07-01,34.8854141345934,113848450088.351,19.292023195998,15.5933909385954,"Middle East, North Africa, Afghanistan & Pakistan",Tehran,51.4447,35.6878,Upper middle income,IBRD
"Iran, Islamic Rep.",IR,IRN,2000,,2026-07-01,41.2572474638031,109591707802.216,21.4670575678483,19.7901898959548,"Middle East, North Africa, Afghanistan & Pakistan",Tehran,51.4447,35.6878,Upper middle income,IBRD
"Iran, Islamic Rep.",IR,IRN,2001,,2026-07-01,40.535566479523,126878750295.944,19.3033203562353,21.2322461232876,"Middle East, North Africa, Afghanistan & Pakistan",Tehran,51.4447,35.6878,Upper middle income,IBRD
"Iran, Islamic Rep.",IR,IRN,2002,,2026-07-01,48.1726865520657,128626917503.72,24.4139021536457,23.75878439842,"Middle East, North Africa, Afghanistan & Pakistan",Tehran,51.4447,35.6878,Upper middle income,IBRD
"Iran, Islamic Rep.",IR,IRN,2003,,2026-07-01,50.6791057753261,151911222119.488,24.6274728309232,26.0516329444029,"Middle East, North Africa, Afghanistan & Pakistan",Tehran,51.4447,35.6878,Upper middle income,IBRD
"Iran, Islamic Rep.",IR,IRN,2004,,2026-07-01,51.3138573265888,187754571247.666,25.266928255823,26.0469290707658,"Middle East, North Africa, Afghanistan & Pakistan",Tehran,51.4447,35.6878,Upper middle income,IBRD
"Iran, Islamic Rep.",IR,IRN,2005,,2026-07-01,54.4404952635536,224970371324.67,30.3308191865397,24.1096760770139,"Middle East, North Africa, Afghanistan & Pakistan",Tehran,51.4447,35.6878,Upper middle income,IBRD
"Iran, Islamic Rep.",IR,IRN,2006,,2026-07-01,53.1673587143845,265602187403.643,29.8690352505831,23.2983234638014,"Middle East, North Africa, Afghanistan & Pakistan",Tehran,51.4447,35.6878,Upper middle income,IBRD
"Iran, Islamic Rep.",IR,IRN,2007,,2026-07-01,49.8873069225934,349736591832.418,28.8436124054165,21.0436945171769,"Middle East, North Africa, Afghanistan & Pakistan",Tehran,51.4447,35.6878,Upper middle income,IBRD
"Iran, Islamic Rep.",IR,IRN,2008,,2026-07-01,48.2294027741438,406070949553.875,26.5771274521598,21.6522753219841,"Middle East, North Africa, Afghanistan & Pakistan",Tehran,51.4447,35.6878,Upper middle income,IBRD
"Iran, Islamic Rep.",IR,IRN,2009,,2026-07-01,43.6995802243585,414059094949.063,22.7114891378215,20.988091086537,"Middle East, North Africa, Afghanistan & Pakistan",Tehran,51.4447,35.6878,Upper middle income,IBRD
"Iran, Islamic Rep.",IR,IRN,2010,,2026-07-01,43.7706437371399,487069570463.768,24.399653282909,19.3709904542309,"Middle East, North Africa, Afghanistan & Pakistan",Tehran,51.4447,35.6878,Upper middle income,IBRD
"Iran, Islamic Rep.",IR,IRN,2011,,2026-07-01,41.2194147918578,629082257472.368,24.9333131264674,16.2861016653904,"Middle East, North Africa, Afghanistan & Pakistan",Tehran,51.4447,35.6878,Upper middle income,IBRD
"Iran, Islamic Rep.",IR,IRN,2012,,2026-07-01,44.0893466807452,644019315003.54,22.4753001992586,21.6140464814866,"Middle East, North Africa, Afghanistan & Pakistan",Tehran,51.4447,35.6878,Upper middle income,IBRD
"Iran, Islamic Rep.",IR,IRN,2013,,2026-07-01,47.0867179194755,500399839839.877,25.1829067419072,21.9038111775683,"Middle East, North Africa, Afghanistan & Pakistan",Tehran,51.4447,35.6878,Upper middle income,IBRD
"Iran, Islamic Rep.",IR,IRN,2014,,2026-07-01,45.3514201413161,462284793280.825,22.8306723891643,22.5207477521518,"Middle East, North Africa, Afghanistan & Pakistan",Tehran,51.4447,35.6878,Upper middle income,IBRD
"Iran, Islamic Rep.",IR,IRN,2015,,2026-07-01,39.42258866118,409191686496.677,18.7208345068656,20.7017541543144,"Middle East, North Africa, Afghanistan & Pakistan",Tehran,51.4447,35.6878,Upper middle income,IBRD
"Iran, Islamic Rep.",IR,IRN,2016,,2026-07-01,39.8772417738866,478618064870.999,20.3097816144481,19.5674601594385,"Middle East, North Africa, Afghanistan & Pakistan",Tehran,51.4447,35.6878,Upper middle income,IBRD
"Iran, Islamic Rep.",IR,IRN,2017,,2026-07-01,43.1556931383906,510239893417.645,21.8329309946109,21.3227621437797,"Middle East, North Africa, Afghanistan & Pakistan",Tehran,51.4447,35.6878,Upper middle income,IBRD
"Iran, Islamic Rep.",IR,IRN,2018,,2026-07-01,56.6153496142829,411903303606.044,29.639694129412,26.975655484871,"Middle East, North Africa, Afghanistan & Pakistan",Tehran,51.4447,35.6878,Upper middle income,IBRD
"Iran, Islamic Rep.",IR,IRN,2019,,2026-07-01,48.5917712137038,347988400957.999,22.3147082096412,26.2770630040625,"Middle East, North Africa, Afghanistan & Pakistan",Tehran,51.4447,35.6878,Upper middle income,IBRD
"Iran, Islamic Rep.",IR,IRN,2020,,2026-07-01,43.8844674905013,280934329279.723,18.3903748639131,25.4940926265882,"Middle East, North Africa, Afghanistan & Pakistan",Tehran,51.4447,35.6878,Upper middle income,IBRD
"Iran, Islamic Rep.",IR,IRN,2021,,2026-07-01,42.672379536261,407350685583.335,22.0192078360416,20.6531717002195,"Middle East, North Africa, Afghanistan & Pakistan",Tehran,51.4447,35.6878,Upper middle income,IBRD
"Iran, Islamic Rep.",IR,IRN,2022,,2026-07-01,48.9183508223052,422662261525.665,25.5666185174995,23.3517323048057,"Middle East, North Africa, Afghanistan & Pakistan",Tehran,51.4447,35.6878,Upper middle income,IBRD
"Iran, Islamic Rep.",IR,IRN,2023,,2026-07-01,49.3935500960203,457510482317.483,23.9216475542357,25.4719025417845,"Middle East, North Africa, Afghanistan & Pakistan",Tehran,51.4447,35.6878,Upper middle income,IBRD
"Iran, Islamic Rep.",IR,IRN,2024,,2026-07-01,52.0621306794348,475252089215.416,23.5514720983508,28.5106585810839,"Middle East, North Africa, Afghanistan & Pakistan",Tehran,51.4447,35.6878,Upper middle income,IBRD
"Iran, Islamic Rep.",IR,IRN,2025,,2026-07-01,60.2426223967467,362682115433.364,25.754375261588,34.4882471351587,"Middle East, North Africa, Afghanistan & Pakistan",Tehran,51.4447,35.6878,Upper middle income,IBRD
Italy,IT,ITA,1995,,2026-07-01,45.5795026636995,1177369428265.78,24.6157552051653,20.9637474585342,Europe & Central Asia,Rome,12.4823,41.8955,High income,Not classified
Italy,IT,ITA,1996,,2026-07-01,42.8020490474117,1314776508972.27,23.662303838318,19.1397452090937,Europe & Central Asia,Rome,12.4823,41.8955,High income,Not classified
Italy,IT,ITA,1997,,2026-07-01,44.4771651978702,1244988176443.84,24.0894916918366,20.3876735060337,Europe & Central Asia,Rome,12.4823,41.8955,High income,Not classified
Italy,IT,ITA,1998,,2026-07-01,44.997874273345,1272729786996.77,24.0123257096913,20.9855485636537,Europe & Central Asia,Rome,12.4823,41.8955,High income,Not classified
Italy,IT,ITA,1999,,2026-07-01,44.5298402267013,1255004736463.98,23.1534516122759,21.3763886144254,Europe & Central Asia,Rome,12.4823,41.8955,High income,Not classified
Italy,IT,ITA,2000,,2026-07-01,50.2747311455639,1149661363439.38,25.5611956255751,24.7135355199888,Europe & Central Asia,Rome,12.4823,41.8955,High income,Not classified
Italy,IT,ITA,2001,,2026-07-01,49.8632723203495,1172041488805.87,25.5610801918444,24.3021921285051,Europe & Central Asia,Rome,12.4823,41.8955,High income,Not classified
Italy,IT,ITA,2002,,2026-07-01,47.8713186791542,1281746271196.04,24.3126948188163,23.5586238603378,Europe & Central Asia,Rome,12.4823,41.8955,High income,Not classified
Italy,IT,ITA,2003,,2026-07-01,45.9940859777074,1582930016538.82,23.2240496903642,22.7700362873432,Europe & Central Asia,Rome,12.4823,41.8955,High income,Not classified
Italy,IT,ITA,2004,,2026-07-01,47.2663923891771,1812808753294.75,23.9268409466402,23.3395514425368,Europe & Central Asia,Rome,12.4823,41.8955,High income,Not classified
Italy,IT,ITA,2005,,2026-07-01,49.1221742288618,1864982261286.85,24.5118533579183,24.6103208709435,Europe & Central Asia,Rome,12.4823,41.8955,High income,Not classified
Italy,IT,ITA,2006,,2026-07-01,52.9235429597012,1958563654385.64,26.0530628243151,26.8704801353861,Europe & Central Asia,Rome,12.4823,41.8955,High income,Not classified
Italy,IT,ITA,2007,,2026-07-01,54.8280415572531,2222524108127.65,27.2450545395013,27.5829870177519,Europe & Central Asia,Rome,12.4823,41.8955,High income,Not classified
Italy,IT,ITA,2008,,2026-07-01,54.214254895667104,2417508414187.19,26.7427615964483,27.4714932992188,Europe & Central Asia,Rome,12.4823,41.8955,High income,Not classified
Italy,IT,ITA,2009,,2026-07-01,45.1414765721604,2209484319012.65,22.2771595955525,22.8643169766079,Europe & Central Asia,Rome,12.4823,41.8955,High income,Not classified
Italy,IT,ITA,2010,,2026-07-01,51.6621118138339,2144936254535,24.9186514223879,26.743460391446,Europe & Central Asia,Rome,12.4823,41.8955,High income,Not classified
Italy,IT,ITA,2011,,2026-07-01,54.4722149449288,2306974020278.21,26.5629866543354,27.9092282905933,Europe & Central Asia,Rome,12.4823,41.8955,High income,Not classified
Italy,IT,ITA,2012,,2026-07-01,54.8844952702204,2097929495121.68,27.9851870768453,26.8993081933752,Europe & Central Asia,Rome,12.4823,41.8955,High income,Not classified
Italy,IT,ITA,2013,,2026-07-01,54.0341846317499,2153225581941.46,28.177442406394,25.8567422253559,Europe & Central Asia,Rome,12.4823,41.8955,High income,Not classified
Italy,IT,ITA,2014,,2026-07-01,54.4545299332032,2173255507985.84,28.6224027363532,25.83212719685,Europe & Central Asia,Rome,12.4823,41.8955,High income,Not classified
Italy,IT,ITA,2015,,2026-07-01,55.4356858148221,1845428048839.1,29.144111052532,26.2915747622901,Europe & Central Asia,Rome,12.4823,41.8955,High income,Not classified
Italy,IT,ITA,2016,,2026-07-01,54.4321467018313,1887111188176.93,28.7987488919157,25.6333978099156,Europe & Central Asia,Rome,12.4823,41.8955,High income,Not classified
Italy,IT,ITA,2017,,2026-07-01,57.5829940274911,1970720904584.71,30.1398859152774,27.4431081122137,Europe & Central Asia,Rome,12.4823,41.8955,High income,Not classified
Italy,IT,ITA,2018,,2026-07-01,59.2749835128154,2099435266458.67,30.8135072735991,28.4614762392164,Europe & Central Asia,Rome,12.4823,41.8955,High income,Not classified
Italy,IT,ITA,2019,,2026-07-01,58.6941902594738,2019606796583.53,30.9498739181942,27.7443163412796,Europe & Central Asia,Rome,12.4823,41.8955,High income,Not classified
Italy,IT,ITA,2020,,2026-07-01,53.9394839042764,1907481094079.23,28.7258551870199,25.2136287172564,Europe & Central Asia,Rome,12.4823,41.8955,High income,Not classified
Italy,IT,ITA,2021,,2026-07-01,60.3019776202798,2179207773596.09,31.1716088630092,29.1303687572707,Europe & Central Asia,Rome,12.4823,41.8955,High income,Not classified
Italy,IT,ITA,2022,,2026-07-01,72.0165023032697,2104067630319.46,35.0991400412578,36.9173622620119,Europe & Central Asia,Rome,12.4823,41.8955,High income,Not classified
Italy,IT,ITA,2023,,2026-07-01,65.1028419441908,2316882296366.32,33.3293695692309,31.7734723749599,Europe & Central Asia,Rome,12.4823,41.8955,High income,Not classified
Italy,IT,ITA,2024,,2026-07-01,62.5926144915658,2383435562458.12,32.3350686402627,30.2575458513031,Europe & Central Asia,Rome,12.4823,41.8955,High income,Not classified
Italy,IT,ITA,2025,,2026-07-01,62.5232263591126,2551556954100.35,32.2270197272539,30.2962066318587,Europe & Central Asia,Rome,12.4823,41.8955,High income,Not classified
Japan,JP,JPN,1995,,2026-07-01,16.1166693561401,5639649753985.77,8.66938554832833,7.44728380781174,East Asia & Pacific,Tokyo,139.77,35.67,High income,Not classified
Japan,JP,JPN,1996,,2026-07-01,17.8974380473791,5021441618840.38,9.13384321818787,8.76359482919126,East Asia & Pacific,Tokyo,139.77,35.67,High income,Not classified
Japan,JP,JPN,1997,,2026-07-01,19.4062642232127,4579780793431.57,10.18568815896,9.22057606425274,East Asia & Pacific,Tokyo,139.77,35.67,High income,Not classified
Japan,JP,JPN,1998,,2026-07-01,18.7651112452697,4150359076370.48,10.2438413853018,8.5212698599679,East Asia & Pacific,Tokyo,139.77,35.67,High income,Not classified
Japan,JP,JPN,1999,,2026-07-01,17.9207503513808,4688983449627.24,9.69470355290166,8.22604679847918,East Asia & Pacific,Tokyo,139.77,35.67,High income,Not classified
Japan,JP,JPN,2000,,2026-07-01,19.2751936529389,5042381838343.44,10.3098888690138,8.96530478392506,East Asia & Pacific,Tokyo,139.77,35.67,High income,Not classified
Japan,JP,JPN,2001,,2026-07-01,19.2772303804527,4438792748062.4,9.9313252815504,9.34590509890227,East Asia & Pacific,Tokyo,139.77,35.67,High income,Not classified
Japan,JP,JPN,2002,,2026-07-01,20.1432481553025,4245946980572.3,10.6941179299116,9.44913022539082,East Asia & Pacific,Tokyo,139.77,35.67,High income,Not classified
Japan,JP,JPN,2003,,2026-07-01,21.0750119103347,4573413206709.02,11.3307927134025,9.74421919693225,East Asia & Pacific,Tokyo,139.77,35.67,High income,Not classified
Japan,JP,JPN,2004,,2026-07-01,23.4324185456932,4941485123806.53,12.6608085791759,10.7716099665173,East Asia & Pacific,Tokyo,139.77,35.67,High income,Not classified
Japan,JP,JPN,2005,,2026-07-01,25.9909279228382,4875648486366.14,13.6893610021266,12.3015669207116,East Asia & Pacific,Tokyo,139.77,35.67,High income,Not classified
Japan,JP,JPN,2006,,2026-07-01,29.714872929485,4648058930707.24,15.4991989877277,14.2156739417573,East Asia & Pacific,Tokyo,139.77,35.67,High income,Not classified
Japan,JP,JPN,2007,,2026-07-01,32.4957200262739,4624670179654.96,17.1190869291448,15.3766330971291,East Asia & Pacific,Tokyo,139.77,35.67,High income,Not classified
Japan,JP,JPN,2008,,2026-07-01,33.7738026089171,5160197175876.43,17.0550818459886,16.7187207629284,East Asia & Pacific,Tokyo,139.77,35.67,High income,Not classified
Japan,JP,JPN,2009,,2026-07-01,24.1730393019729,5336765697589.29,12.3084729966275,11.8645663053454,East Asia & Pacific,Tokyo,139.77,35.67,High income,Not classified
Japan,JP,JPN,2010,,2026-07-01,28.2400150860666,5811578109447.07,14.7827379015469,13.4572771845197,East Asia & Pacific,Tokyo,139.77,35.67,High income,Not classified
Japan,JP,JPN,2011,,2026-07-01,29.9713853558472,6279422550218.7,14.6645262221087,15.3068591337385,East Asia & Pacific,Tokyo,139.77,35.67,High income,Not classified
Japan,JP,JPN,2012,,2026-07-01,30.174299547803,6333803928787.76,14.2739154583775,15.9003840894255,East Asia & Pacific,Tokyo,139.77,35.67,High income,Not classified
Japan,JP,JPN,2013,,2026-07-01,33.5913694460807,5272297037396.96,15.6037090812555,17.9876603648252,East Asia & Pacific,Tokyo,139.77,35.67,High income,Not classified
Japan,JP,JPN,2014,,2026-07-01,36.7643250218282,4985763289560.81,17.1078627742157,19.6564622476125,East Asia & Pacific,Tokyo,139.77,35.67,High income,Not classified
Japan,JP,JPN,2015,,2026-07-01,34.7276305886293,4534438580494.94,17.0921099786159,17.6355206100133,East Asia & Pacific,Tokyo,139.77,35.67,High income,Not classified
Japan,JP,JPN,2016,,2026-07-01,30.6562793068554,5110357383254.44,15.7223961123124,14.933883194543,East Asia & Pacific,Tokyo,139.77,35.67,High income,Not classified
Japan,JP,JPN,2017,,2026-07-01,33.6888336792782,5038231631660.71,17.2158253394418,16.4730083398364,East Asia & Pacific,Tokyo,139.77,35.67,High income,Not classified
Japan,JP,JPN,2018,,2026-07-01,35.8035749582494,5154293721629.56,17.9111434788682,17.8924314793812,East Asia & Pacific,Tokyo,139.77,35.67,High income,Not classified
Japan,JP,JPN,2019,,2026-07-01,34.3582972799989,5245755000479.03,17.0377974181499,17.320499861849,East Asia & Pacific,Tokyo,139.77,35.67,High income,Not classified
Japan,JP,JPN,2020,,2026-07-01,30.5192226892273,5189197543645.38,15.1286902986314,15.3905323905959,East Asia & Pacific,Tokyo,139.77,35.67,High income,Not classified
Japan,JP,JPN,2021,,2026-07-01,35.4253927340539,5225933520753.1,17.4619853799579,17.963407354096,East Asia & Pacific,Tokyo,139.77,35.67,High income,Not classified
Japan,JP,JPN,2022,,2026-07-01,44.86063102004,4447976207314.78,20.647867347033,24.212763673007,East Asia & Pacific,Tokyo,139.77,35.67,High income,Not classified
Japan,JP,JPN,2023,,2026-07-01,43.5950833802735,4384854269961.93,21.0593101343597,22.5357732459138,East Asia & Pacific,Tokyo,139.77,35.67,High income,Not classified
Japan,JP,JPN,2024,,2026-07-01,44.8529388577573,4190008188358.57,21.9799093698461,22.8730294879112,East Asia & Pacific,Tokyo,139.77,35.67,High income,Not classified
Japan,JP,JPN,2025,,2026-07-01,NA,4435162999976.94,NA,NA,East Asia & Pacific,Tokyo,139.77,35.67,High income,Not classified
"Korea, Rep.",KR,KOR,1995,,2026-07-01,51.3967337856387,586286469400.665,25.0908528792617,26.305880906377,East Asia & Pacific,Seoul,126.957,37.5323,High income,Not classified
"Korea, Rep.",KR,KOR,1996,,2026-07-01,51.6134521171463,631196863758.281,24.1509711908027,27.4624809263436,East Asia & Pacific,Seoul,126.957,37.5323,High income,Not classified
"Korea, Rep.",KR,KOR,1997,,2026-07-01,55.894947743273,589202526424.141,27.4728903732725,28.4220573700005,East Asia & Pacific,Seoul,126.957,37.5323,High income,Not classified
"Korea, Rep.",KR,KOR,1998,,2026-07-01,66.3289851108207,397297216492.19,38.2368909900718,28.0920941207489,East Asia & Pacific,Seoul,126.957,37.5323,High income,Not classified
"Korea, Rep.",KR,KOR,1999,,2026-07-01,57.8948578896383,515697079289.011,31.5122613381554,26.3825965514828,East Asia & Pacific,Seoul,126.957,37.5323,High income,Not classified
"Korea, Rep.",KR,KOR,2000,,2026-07-01,64.0588155729056,597487173479.109,32.8643016483147,31.1945139245909,East Asia & Pacific,Seoul,126.957,37.5323,High income,Not classified
"Korea, Rep.",KR,KOR,2001,,2026-07-01,60.4277386641693,567564806235.441,30.8628730280238,29.5648656361455,East Asia & Pacific,Seoul,126.957,37.5323,High income,Not classified
"Korea, Rep.",KR,KOR,2002,,2026-07-01,56.6688767960273,650014391470.21,28.869081069037,27.7997957269903,East Asia & Pacific,Seoul,126.957,37.5323,High income,Not classified
"Korea, Rep.",KR,KOR,2003,,2026-07-01,59.4242945541732,728516494684.269,30.4447497818826,28.9795447722905,East Asia & Pacific,Seoul,126.957,37.5323,High income,Not classified
"Korea, Rep.",KR,KOR,2004,,2026-07-01,67.9270638751076,823251107638.814,35.6099304973786,32.317133377729,East Asia & Pacific,Seoul,126.957,37.5323,High income,Not classified
"Korea, Rep.",KR,KOR,2005,,2026-07-01,66.1695148242697,971740329983.878,34.1271966602876,32.0423181639821,East Asia & Pacific,Seoul,126.957,37.5323,High income,Not classified
"Korea, Rep.",KR,KOR,2006,,2026-07-01,68.3749509402263,1095175538508.19,34.4457182771661,33.9292326630601,East Asia & Pacific,Seoul,126.957,37.5323,High income,Not classified
"Korea, Rep.",KR,KOR,2007,,2026-07-01,71.3239614988013,1220911904593.06,36.0414909532161,35.2824705455852,East Asia & Pacific,Seoul,126.957,37.5323,High income,Not classified
"Korea, Rep.",KR,KOR,2008,,2026-07-01,92.0833544961819,1091580692542.34,45.8471508377288,46.2362036584532,East Asia & Pacific,Seoul,126.957,37.5323,High income,Not classified
"Korea, Rep.",KR,KOR,2009,,2026-07-01,83.1246099057162,983065242417.36,43.5106195264818,39.6139903792344,East Asia & Pacific,Seoul,126.957,37.5323,High income,Not classified
"Korea, Rep.",KR,KOR,2010,,2026-07-01,88.0278677123124,1192830015737.68,45.2718606886955,42.7560070236169,East Asia & Pacific,Seoul,126.957,37.5323,High income,Not classified
"Korea, Rep.",KR,KOR,2011,,2026-07-01,101.68061646213,1307103477219.1,51.2813207677942,50.3992956943359,East Asia & Pacific,Seoul,126.957,37.5323,High income,Not classified
"Korea, Rep.",KR,KOR,2012,,2026-07-01,101.51727207905,1335343586437.67,52.0235312085188,49.4937408705314,East Asia & Pacific,Seoul,126.957,37.5323,High income,Not classified
"Korea, Rep.",KR,KOR,2013,,2026-07-01,94.1675235855873,1434669686501.84,49.2338591040691,44.9336644815181,East Asia & Pacific,Seoul,126.957,37.5323,High income,Not classified
"Korea, Rep.",KR,KOR,2014,,2026-07-01,86.9342577972039,1556252422020.44,45.7876203673052,41.1466374298986,East Asia & Pacific,Seoul,126.957,37.5323,High income,Not classified
"Korea, Rep.",KR,KOR,2015,,2026-07-01,75.3881774564907,1539212301135.55,40.9681314540182,34.4200460024725,East Asia & Pacific,Seoul,126.957,37.5323,High income,Not classified
"Korea, Rep.",KR,KOR,2016,,2026-07-01,69.8997221316919,1579150518945.44,38.1129875583911,31.7867345733008,East Asia & Pacific,Seoul,126.957,37.5323,High income,Not classified
"Korea, Rep.",KR,KOR,2017,,2026-07-01,73.1921408264016,1710196756713.17,38.8488899920532,34.3432508343484,East Asia & Pacific,Seoul,126.957,37.5323,High income,Not classified
"Korea, Rep.",KR,KOR,2018,,2026-07-01,74.7075162140824,1824251454306.83,39.4523497931837,35.2551664208987,East Asia & Pacific,Seoul,126.957,37.5323,High income,Not classified
"Korea, Rep.",KR,KOR,2019,,2026-07-01,71.4470632403511,1751045752054.63,37.0413266370488,34.4057366033023,East Asia & Pacific,Seoul,126.957,37.5323,High income,Not classified
"Korea, Rep.",KR,KOR,2020,,2026-07-01,65.544957860621,1744070276373.34,34.6152001987888,30.9297576618322,East Asia & Pacific,Seoul,126.957,37.5323,High income,Not classified
"Korea, Rep.",KR,KOR,2021,,2026-07-01,75.3063047610912,1942313560965.9,39.3388192669479,35.9674854941434,East Asia & Pacific,Seoul,126.957,37.5323,High income,Not classified
"Korea, Rep.",KR,KOR,2022,,2026-07-01,90.5851475278549,1799363116866.52,45.294860984133,45.2902865437219,East Asia & Pacific,Seoul,126.957,37.5323,High income,Not classified
"Korea, Rep.",KR,KOR,2023,,2026-07-01,82.2580090716629,1844800934391.54,41.3214807367697,40.9365283348931,East Asia & Pacific,Seoul,126.957,37.5323,High income,Not classified
"Korea, Rep.",KR,KOR,2024,,2026-07-01,84.6424951192038,1875388209406.8,44.3582383593234,40.2842567598803,East Asia & Pacific,Seoul,126.957,37.5323,High income,Not classified
"Korea, Rep.",KR,KOR,2025,,2026-07-01,86.3616006442431,1872374961553.15,45.7630385215931,40.5985621226499,East Asia & Pacific,Seoul,126.957,37.5323,High income,Not classified
Russian Federation,RU,RUS,1995,,2026-07-01,55.1829054657257,395537185734.854,29.2890113495619,25.8938941161638,Europe & Central Asia,Moscow,37.6176,55.7558,High income,IBRD
Russian Federation,RU,RUS,1996,,2026-07-01,47.922500819419,391724890744.498,26.0729881302908,21.8495126891282,Europe & Central Asia,Moscow,37.6176,55.7558,High income,IBRD
Russian Federation,RU,RUS,1997,,2026-07-01,47.2569214100748,404928954191.876,24.7298415292289,22.527079880846,Europe & Central Asia,Moscow,37.6176,55.7558,High income,IBRD
Russian Federation,RU,RUS,1998,,2026-07-01,55.7722532849766,270955486862.442,31.22120547318,24.5510478117966,Europe & Central Asia,Moscow,37.6176,55.7558,High income,IBRD
Russian Federation,RU,RUS,1999,,2026-07-01,69.393281498812,195907128350.934,43.2199685128244,26.1733129859875,Europe & Central Asia,Moscow,37.6176,55.7558,High income,IBRD
Russian Federation,RU,RUS,2000,,2026-07-01,68.0939070373555,259710142196.943,44.0604413055146,24.0334657318409,Europe & Central Asia,Moscow,37.6176,55.7558,High income,IBRD
Russian Federation,RU,RUS,2001,,2026-07-01,61.1108586644206,306602070620.5,36.8934935960337,24.2173650683869,Europe & Central Asia,Moscow,37.6176,55.7558,High income,IBRD
Russian Federation,RU,RUS,2002,,2026-07-01,59.6454457319607,345470494417.863,35.2125940630626,24.432851668898,Europe & Central Asia,Moscow,37.6176,55.7558,High income,IBRD
Russian Federation,RU,RUS,2003,,2026-07-01,59.1282690076014,430347420184.885,35.2499817757806,23.8782872318208,Europe & Central Asia,Moscow,37.6176,55.7558,High income,IBRD
Russian Federation,RU,RUS,2004,,2026-07-01,56.5818523984055,591016690732.385,34.4178910554597,22.1639613429458,Europe & Central Asia,Moscow,37.6176,55.7558,High income,IBRD
Russian Federation,RU,RUS,2005,,2026-07-01,56.7132484905422,764015973481.11,35.2030659651181,21.5101825254241,Europe & Central Asia,Moscow,37.6176,55.7558,High income,IBRD
Russian Federation,RU,RUS,2006,,2026-07-01,54.733401867266,989932071352.543,33.7304754439762,21.0029264232898,Europe & Central Asia,Moscow,37.6176,55.7558,High income,IBRD
Russian Federation,RU,RUS,2007,,2026-07-01,51.7061227454606,1299703478481.65,30.164060484537,21.5420622609236,Europe & Central Asia,Moscow,37.6176,55.7558,High income,IBRD
Russian Federation,RU,RUS,2008,,2026-07-01,53.3824660408908,1660848058303.11,31.3095603335689,22.072905707322,Europe & Central Asia,Moscow,37.6176,55.7558,High income,IBRD
Russian Federation,RU,RUS,2009,,2026-07-01,48.4350610278181,1222645900055.7,27.9381012041521,20.496959823666,Europe & Central Asia,Moscow,37.6176,55.7558,High income,IBRD
Russian Federation,RU,RUS,2010,,2026-07-01,50.3555054872589,1524916715223.95,29.2155607849758,21.1399447022831,Europe & Central Asia,Moscow,37.6176,55.7558,High income,IBRD
Russian Federation,RU,RUS,2011,,2026-07-01,48.0353994077919,2045922753398.04,28.0553614798549,19.9800379279369,Europe & Central Asia,Moscow,37.6176,55.7558,High income,IBRD
Russian Federation,RU,RUS,2012,,2026-07-01,47.1513903857957,2208293553878.42,26.9073203393663,20.2440700464294,Europe & Central Asia,Moscow,37.6176,55.7558,High income,IBRD
Russian Federation,RU,RUS,2013,,2026-07-01,46.287149400499,2292470078346.22,25.845336826255,20.441812574244,Europe & Central Asia,Moscow,37.6176,55.7558,High income,IBRD
Russian Federation,RU,RUS,2014,,2026-07-01,47.8013412628116,2059241589895.01,27.1110970517525,20.6902442110591,Europe & Central Asia,Moscow,37.6176,55.7558,High income,IBRD
Russian Federation,RU,RUS,2015,,2026-07-01,49.3593493116887,1363482182197.71,28.703389442924,20.6559598687647,Europe & Central Asia,Moscow,37.6176,55.7558,High income,IBRD
Russian Federation,RU,RUS,2016,,2026-07-01,46.5181198396096,1276786350881.14,25.8544829769167,20.6636368626929,Europe & Central Asia,Moscow,37.6176,55.7558,High income,IBRD
Russian Federation,RU,RUS,2017,,2026-07-01,46.8765243371311,1574199360089,26.0908809797568,20.7856433573743,Europe & Central Asia,Moscow,37.6176,55.7558,High income,IBRD
Russian Federation,RU,RUS,2018,,2026-07-01,51.5809003703964,1657328773461.31,30.7932568020743,20.7876435683221,Europe & Central Asia,Moscow,37.6176,55.7558,High income,IBRD
Russian Federation,RU,RUS,2019,,2026-07-01,49.2287536619033,1693115002708.32,28.4334306799759,20.7953229819275,Europe & Central Asia,Moscow,37.6176,55.7558,High income,IBRD
Russian Federation,RU,RUS,2020,,2026-07-01,45.9669082029127,1493075894362.14,25.5221855113549,20.4447226915578,Europe & Central Asia,Moscow,37.6176,55.7558,High income,IBRD
Russian Federation,RU,RUS,2021,,2026-07-01,50.5861954621752,1829186719575.1,30.0024195364041,20.5837759257711,Europe & Central Asia,Moscow,37.6176,55.7558,High income,IBRD
Russian Federation,RU,RUS,2022,,2026-07-01,42.7663082313349,2292495097681.47,27.7096266135186,15.0566816178163,Europe & Central Asia,Moscow,37.6176,55.7558,High income,IBRD
Russian Federation,RU,RUS,2023,,2026-07-01,41.3395116492933,2046284838151.09,22.7699393140297,18.5695723352636,Europe & Central Asia,Moscow,37.6176,55.7558,High income,IBRD
Russian Federation,RU,RUS,2024,,2026-07-01,39.4184058815423,2186462268813.08,21.8563659146375,17.5620399669048,Europe & Central Asia,Moscow,37.6176,55.7558,High income,IBRD
Russian Federation,RU,RUS,2025,,2026-07-01,33.7100508676248,2561310169358.74,18.2030774281844,15.5069734394404,Europe & Central Asia,Moscow,37.6176,55.7558,High income,IBRD
Saudi Arabia,SA,SAU,1995,,2026-07-01,65.0417272083752,143343124165.554,37.3378413620953,27.7038858462799,"Middle East, North Africa, Afghanistan & Pakistan",Riyadh,46.6977,24.6748,High income,Not classified
Saudi Arabia,SA,SAU,1996,,2026-07-01,66.653820067958,158662483311.081,40.0228209447804,26.6309991231776,"Middle East, North Africa, Afghanistan & Pakistan",Riyadh,46.6977,24.6748,High income,Not classified
Saudi Arabia,SA,SAU,1997,,2026-07-01,65.1880669440449,165963684913.218,39.1585979206286,26.0294690234163,"Middle East, North Africa, Afghanistan & Pakistan",Riyadh,46.6977,24.6748,High income,Not classified
Saudi Arabia,SA,SAU,1998,,2026-07-01,56.0883926105725,146775466666.667,29.6323817967762,26.4560108137963,"Middle East, North Africa, Afghanistan & Pakistan",Riyadh,46.6977,24.6748,High income,Not classified
Saudi Arabia,SA,SAU,1999,,2026-07-01,57.8460488194196,161717066666.667,34.6664709888381,23.1795778305815,"Middle East, North Africa, Afghanistan & Pakistan",Riyadh,46.6977,24.6748,High income,Not classified
Saudi Arabia,SA,SAU,2000,,2026-07-01,68.1664488005167,189514933333.333,43.4052690306903,24.7611797698264,"Middle East, North Africa, Afghanistan & Pakistan",Riyadh,46.6977,24.6748,High income,Not classified
Saudi Arabia,SA,SAU,2001,,2026-07-01,63.5605836794513,184137600000,39.633694222871,23.9268894565803,"Middle East, North Africa, Afghanistan & Pakistan",Riyadh,46.6977,24.6748,High income,Not classified
Saudi Arabia,SA,SAU,2002,,2026-07-01,64.5927974099254,189605866666.667,40.94880327191,23.6439941380154,"Middle East, North Africa, Afghanistan & Pakistan",Riyadh,46.6977,24.6748,High income,Not classified
Saudi Arabia,SA,SAU,2003,,2026-07-01,69.831170708742,215807733333.333,45.8541491871159,23.977021521626,"Middle East, North Africa, Afghanistan & Pakistan",Riyadh,46.6977,24.6748,High income,Not classified
Saudi Arabia,SA,SAU,2004,,2026-07-01,75.0828366569341,258742133333.333,50.9853310838178,24.0975055731163,"Middle East, North Africa, Afghanistan & Pakistan",Riyadh,46.6977,24.6748,High income,Not classified
Saudi Arabia,SA,SAU,2005,,2026-07-01,81.9540759410158,328459608764.111,57.050742989557,24.9033329514589,"Middle East, North Africa, Afghanistan & Pakistan",Riyadh,46.6977,24.6748,High income,Not classified
Saudi Arabia,SA,SAU,2006,,2026-07-01,89.9446046768984,376900133511.348,59.8319082445442,30.1126964323542,"Middle East, North Africa, Afghanistan & Pakistan",Riyadh,46.6977,24.6748,High income,Not classified
Saudi Arabia,SA,SAU,2007,,2026-07-01,94.8633170967657,415964509673.115,59.9374401392842,34.9258769574815,"Middle East, North Africa, Afghanistan & Pakistan",Riyadh,46.6977,24.6748,High income,Not classified
Saudi Arabia,SA,SAU,2008,,2026-07-01,96.1026308742185,519796800000,62.1115020331022,33.9911288411164,"Middle East, North Africa, Afghanistan & Pakistan",Riyadh,46.6977,24.6748,High income,Not classified
Saudi Arabia,SA,SAU,2009,,2026-07-01,84.8583415624843,429097866666.667,47.0886206534391,37.7697209090451,"Middle East, North Africa, Afghanistan & Pakistan",Riyadh,46.6977,24.6748,High income,Not classified
Saudi Arabia,SA,SAU,2010,,2026-07-01,82.5496850227537,528207466666.667,49.5697145263124,32.9799704964413,"Middle East, North Africa, Afghanistan & Pakistan",Riyadh,46.6977,24.6748,High income,Not classified
Saudi Arabia,SA,SAU,2011,,2026-07-01,84.3594342438995,680660800000,55.2733461365779,29.0860881073216,"Middle East, North Africa, Afghanistan & Pakistan",Riyadh,46.6977,24.6748,High income,Not classified
Saudi Arabia,SA,SAU,2012,,2026-07-01,81.74067854616,751921333333.333,53.1198476436365,28.6208309025235,"Middle East, North Africa, Afghanistan & Pakistan",Riyadh,46.6977,24.6748,High income,Not classified
Saudi Arabia,SA,SAU,2013,,2026-07-01,80.2515014286783,769755733333.333,50.3725164415794,29.8789849870989,"Middle East, North Africa, Afghanistan & Pakistan",Riyadh,46.6977,24.6748,High income,Not classified
Saudi Arabia,SA,SAU,2014,,2026-07-01,78.000111117736,787153066666.667,45.0958458227862,32.9042652949498,"Middle East, North Africa, Afghanistan & Pakistan",Riyadh,46.6977,24.6748,High income,Not classified
Saudi Arabia,SA,SAU,2015,,2026-07-01,67.105269230059207,693414400000,31.4401316153804,35.6651376146789,"Middle East, North Africa, Afghanistan & Pakistan",Riyadh,46.6977,24.6748,High income,Not classified
Saudi Arabia,SA,SAU,2016,,2026-07-01,57.9216635110364,689279466666.667,29.1430897114591,28.7785737995774,"Middle East, North Africa, Afghanistan & Pakistan",Riyadh,46.6977,24.6748,High income,Not classified
Saudi Arabia,SA,SAU,2017,,2026-07-01,59.5319791578229,741266133333.333,32.3625378991189,27.169441258704,"Middle East, North Africa, Afghanistan & Pakistan",Riyadh,46.6977,24.6748,High income,Not classified
Saudi Arabia,SA,SAU,2018,,2026-07-01,59.1029104697141,886564800000,35.5209831625769,23.5819273071372,"Middle East, North Africa, Afghanistan & Pakistan",Riyadh,46.6977,24.6748,High income,Not classified
Saudi Arabia,SA,SAU,2019,,2026-07-01,56.7938204886513,888890133333.333,32.159204977113,24.6346155115383,"Middle East, North Africa, Afghanistan & Pakistan",Riyadh,46.6977,24.6748,High income,Not classified
Saudi Arabia,SA,SAU,2020,,2026-07-01,47.533159225048,767951200000,23.8098115262185,23.7233476988295,"Middle East, North Africa, Afghanistan & Pakistan",Riyadh,46.6977,24.6748,High income,Not classified
Saudi Arabia,SA,SAU,2021,,2026-07-01,50.8839263398787,982661066666.667,29.1556614026837,21.728264937195,"Middle East, North Africa, Afghanistan & Pakistan",Riyadh,46.6977,24.6748,High income,Not classified
Saudi Arabia,SA,SAU,2022,,2026-07-01,56.8241647749332,1239075200000,35.9850098955522,20.839154879381,"Middle East, North Africa, Afghanistan & Pakistan",Riyadh,46.6977,24.6748,High income,Not classified
Saudi Arabia,SA,SAU,2023,,2026-07-01,55.7974682325487,1218584800000,30.7559610678442,25.041507164704502,"Middle East, North Africa, Afghanistan & Pakistan",Riyadh,46.6977,24.6748,High income,Not classified
Saudi Arabia,SA,SAU,2024,,2026-07-01,56.4049374147889,1254140800000,29.3880027930942,27.0169346216948,"Middle East, North Africa, Afghanistan & Pakistan",Riyadh,46.6977,24.6748,High income,Not classified
Saudi Arabia,SA,SAU,2025,,2026-07-01,57.9182238579808,1276942933333.33,29.7448740074211,28.1733498505598,"Middle East, North Africa, Afghanistan & Pakistan",Riyadh,46.6977,24.6748,High income,Not classified
Turkiye,TR,TUR,1995,,2026-07-01,35.9924804952774,234699627004.035,18.3238507569896,17.6686297382878,Europe & Central Asia,Ankara,32.3606,39.7153,Upper middle income,IBRD
Turkiye,TR,TUR,1996,,2026-07-01,39.6477180344549,250366965174.129,19.5581113911938,20.0896066432611,Europe & Central Asia,Ankara,32.3606,39.7153,Upper middle income,IBRD
Turkiye,TR,TUR,1997,,2026-07-01,42.7610666826994,263817553748.395,21.4390354082889,21.3220312744105,Europe & Central Asia,Ankara,32.3606,39.7153,Upper middle income,IBRD
Turkiye,TR,TUR,1998,,2026-07-01,40.3769887377902,276035372654.608,20.6544822015948,19.7225065361954,Europe & Central Asia,Ankara,32.3606,39.7153,Upper middle income,IBRD
Turkiye,TR,TUR,1999,,2026-07-01,37.6665043273244,256673939247.773,18.8307575753475,18.8357467519768,Europe & Central Asia,Ankara,32.3606,39.7153,Upper middle income,IBRD
Turkiye,TR,TUR,2000,,2026-07-01,42.3746746988077,274748463178.502,19.9334162657424,22.4412584330653,Europe & Central Asia,Ankara,32.3606,39.7153,Upper middle income,IBRD
Turkiye,TR,TUR,2001,,2026-07-01,49.9447830679013,202195080239.036,27.2970601933763,22.6477228745251,Europe & Central Asia,Ankara,32.3606,39.7153,Upper middle income,IBRD
Turkiye,TR,TUR,2002,,2026-07-01,48.1026101234402,240778008473.845,25.2651261294128,22.8374839940274,Europe & Central Asia,Ankara,32.3606,39.7153,Upper middle income,IBRD
Turkiye,TR,TUR,2003,,2026-07-01,46.3681553387846,315392899922.379,23.1946607252779,23.1734946135067,Europe & Central Asia,Ankara,32.3606,39.7153,Upper middle income,IBRD
Turkiye,TR,TUR,2004,,2026-07-01,48.9934575435266,410156784495.948,23.8544386839448,25.1390188595817,Europe & Central Asia,Ankara,32.3606,39.7153,Upper middle income,IBRD
Turkiye,TR,TUR,2005,,2026-07-01,46.3088308846211,508314210212.544,22.118798245903,24.1900326387181,Europe & Central Asia,Ankara,32.3606,39.7153,Upper middle income,IBRD
Turkiye,TR,TUR,2006,,2026-07-01,48.9456766641314,559668118237.002,22.6756853295786,26.2699913345528,Europe & Central Asia,Ankara,32.3606,39.7153,Upper middle income,IBRD
Turkiye,TR,TUR,2007,,2026-07-01,48.027468179713,685228481017.03,22.1875803331528,25.8398878465602,Europe & Central Asia,Ankara,32.3606,39.7153,Upper middle income,IBRD
Turkiye,TR,TUR,2008,,2026-07-01,50.7612500066681,775415944332.866,23.9213779600098,26.8398720466583,Europe & Central Asia,Ankara,32.3606,39.7153,Upper middle income,IBRD
Turkiye,TR,TUR,2009,,2026-07-01,47.0391385732199,653894449921.288,23.7578595278795,23.2812790453404,Europe & Central Asia,Ankara,32.3606,39.7153,Upper middle income,IBRD
Turkiye,TR,TUR,2010,,2026-07-01,46.9433366709891,782545664268.333,21.5899457839207,25.3533908870685,Europe & Central Asia,Ankara,32.3606,39.7153,Upper middle income,IBRD
Turkiye,TR,TUR,2011,,2026-07-01,53.651583897618,844192507380.795,23.4903574412774,30.1612264563406,Europe & Central Asia,Ankara,32.3606,39.7153,Upper middle income,IBRD
Turkiye,TR,TUR,2012,,2026-07-01,53.3277612968607,885327622479.052,24.9658181147838,28.3619431820769,Europe & Central Asia,Ankara,32.3606,39.7153,Upper middle income,IBRD
Turkiye,TR,TUR,2013,,2026-07-01,53.0683530043043,962167643588.925,24.403259811358,28.6650931929463,Europe & Central Asia,Ankara,32.3606,39.7153,Upper middle income,IBRD
Turkiye,TR,TUR,2014,,2026-07-01,54.30677404128,942343431928.654,25.8173246854016,28.4894493558784,Europe & Central Asia,Ankara,32.3606,39.7153,Upper middle income,IBRD
Turkiye,TR,TUR,2015,,2026-07-01,51.8749252596832,865460050683.656,25.280784580735,26.5941406789482,Europe & Central Asia,Ankara,32.3606,39.7153,Upper middle income,IBRD
Turkiye,TR,TUR,2016,,2026-07-01,48.870183807987,870818016909.84,23.6322024334399,25.2379813745471,Europe & Central Asia,Ankara,32.3606,39.7153,Upper middle income,IBRD
Turkiye,TR,TUR,2017,,2026-07-01,56.1356585158689,863874522365.276,26.5394989930636,29.5961595228053,Europe & Central Asia,Ankara,32.3606,39.7153,Upper middle income,IBRD
Turkiye,TR,TUR,2018,,2026-07-01,62.8251323851165,788356985773.667,31.7278536539697,31.0972787311468,Europe & Central Asia,Ankara,32.3606,39.7153,Upper middle income,IBRD
Turkiye,TR,TUR,2019,,2026-07-01,62.5784589326239,775853144222.613,33.0298811646869,29.548577767937,Europe & Central Asia,Ankara,32.3606,39.7153,Upper middle income,IBRD
Turkiye,TR,TUR,2020,,2026-07-01,60.389853117297,733628247119.077,28.7400043468285,31.6498487704686,Europe & Central Asia,Ankara,32.3606,39.7153,Upper middle income,IBRD
Turkiye,TR,TUR,2021,,2026-07-01,69.6088976086437,839938668172.134,35.0536332850518,34.5552643235919,Europe & Central Asia,Ankara,32.3606,39.7153,Upper middle income,IBRD
Turkiye,TR,TUR,2022,,2026-07-01,79.8982722314341,926097476913.818,38.1412107474416,41.7570614839925,Europe & Central Asia,Ankara,32.3606,39.7153,Upper middle income,IBRD
Turkiye,TR,TUR,2023,,2026-07-01,65.6832084738667,1141242864657.45,31.9135926809724,33.7696157928943,Europe & Central Asia,Ankara,32.3606,39.7153,Upper middle income,IBRD
Turkiye,TR,TUR,2024,,2026-07-01,54.5988061195916,1359123768774.12,27.5682232095509,27.0305829100406,Europe & Central Asia,Ankara,32.3606,39.7153,Upper middle income,IBRD
Turkiye,TR,TUR,2025,,2026-07-01,49.9346783626928,1597293229287,24.8497719904256,25.0849063722672,Europe & Central Asia,Ankara,32.3606,39.7153,Upper middle income,IBRD
United Arab Emirates,AE,ARE,1995,,2026-07-01,NA,65743604965.7557,NA,NA,"Middle East, North Africa, Afghanistan & Pakistan",Abu Dhabi,54.3705,24.4764,High income,Not classified
United Arab Emirates,AE,ARE,1996,,2026-07-01,NA,73571217376.7336,NA,NA,"Middle East, North Africa, Afghanistan & Pakistan",Abu Dhabi,54.3705,24.4764,High income,Not classified
United Arab Emirates,AE,ARE,1997,,2026-07-01,NA,78838886862.1575,NA,NA,"Middle East, North Africa, Afghanistan & Pakistan",Abu Dhabi,54.3705,24.4764,High income,Not classified
United Arab Emirates,AE,ARE,1998,,2026-07-01,NA,75674384204.7668,NA,NA,"Middle East, North Africa, Afghanistan & Pakistan",Abu Dhabi,54.3705,24.4764,High income,Not classified
United Arab Emirates,AE,ARE,1999,,2026-07-01,NA,84445399334.7235,NA,NA,"Middle East, North Africa, Afghanistan & Pakistan",Abu Dhabi,54.3705,24.4764,High income,Not classified
United Arab Emirates,AE,ARE,2000,,2026-07-01,NA,104337463730.167,NA,NA,"Middle East, North Africa, Afghanistan & Pakistan",Abu Dhabi,54.3705,24.4764,High income,Not classified
United Arab Emirates,AE,ARE,2001,,2026-07-01,89.8645875613427,103311631797.329,49.1592295028153,40.7053580585274,"Middle East, North Africa, Afghanistan & Pakistan",Abu Dhabi,54.3705,24.4764,High income,Not classified
United Arab Emirates,AE,ARE,2002,,2026-07-01,93.0717523974279,109816091078.603,49.5033971592168,43.5683552382112,"Middle East, North Africa, Afghanistan & Pakistan",Abu Dhabi,54.3705,24.4764,High income,Not classified
United Arab Emirates,AE,ARE,2003,,2026-07-01,102.300072318295,124346476180.46,55.9231460950632,46.3769262232323,"Middle East, North Africa, Afghanistan & Pakistan",Abu Dhabi,54.3705,24.4764,High income,Not classified
United Arab Emirates,AE,ARE,2004,,2026-07-01,116.622707480689,147824249957.985,63.5677815721966,53.0549259084921,"Middle East, North Africa, Afghanistan & Pakistan",Abu Dhabi,54.3705,24.4764,High income,Not classified
United Arab Emirates,AE,ARE,2005,,2026-07-01,119.55287164912,180617467954.23,67.5853113937653,51.9675602553546,"Middle East, North Africa, Afghanistan & Pakistan",Abu Dhabi,54.3705,24.4764,High income,Not classified
United Arab Emirates,AE,ARE,2006,,2026-07-01,119.47067436604,222116532963.026,68.6278004220408,50.842873943999,"Middle East, North Africa, Afghanistan & Pakistan",Abu Dhabi,54.3705,24.4764,High income,Not classified
United Arab Emirates,AE,ARE,2007,,2026-07-01,136.798144727699,257916148767.436,72.3840931942051,64.4140515334937,"Middle East, North Africa, Afghanistan & Pakistan",Abu Dhabi,54.3705,24.4764,High income,Not classified
United Arab Emirates,AE,ARE,2008,,2026-07-01,148.513544024487,315474615741.223,78.8678887008838,69.6456553236032,"Middle East, North Africa, Afghanistan & Pakistan",Abu Dhabi,54.3705,24.4764,High income,Not classified
United Arab Emirates,AE,ARE,2009,,2026-07-01,153.461944358762,253547358746.804,79.6533178623883,73.8086264963738,"Middle East, North Africa, Afghanistan & Pakistan",Abu Dhabi,54.3705,24.4764,High income,Not classified
United Arab Emirates,AE,ARE,2010,,2026-07-01,135.485740301669,307736348527.33,77.4455521760851,58.040188125584,"Middle East, North Africa, Afghanistan & Pakistan",Abu Dhabi,54.3705,24.4764,High income,Not classified
United Arab Emirates,AE,ARE,2011,,2026-07-01,144.176829734392,368881033962.57,85.6286738245297,58.5481559098621,"Middle East, North Africa, Afghanistan & Pakistan",Abu Dhabi,54.3705,24.4764,High income,Not classified
United Arab Emirates,AE,ARE,2012,,2026-07-01,156.637656972961,392793559050.783,95.6008433485867,61.036813624374,"Middle East, North Africa, Afghanistan & Pakistan",Abu Dhabi,54.3705,24.4764,High income,Not classified
United Arab Emirates,AE,ARE,2013,,2026-07-01,157.398122639247,409632574702.715,95.755207057533,61.6429155817142,"Middle East, North Africa, Afghanistan & Pakistan",Abu Dhabi,54.3705,24.4764,High income,Not classified
United Arab Emirates,AE,ARE,2014,,2026-07-01,159.515630313713,424935834104.193,94.7738651442525,64.7417651694601,"Middle East, North Africa, Afghanistan & Pakistan",Abu Dhabi,54.3705,24.4764,High income,Not classified
United Arab Emirates,AE,ARE,2015,,2026-07-01,164.286142899252,381973135513.065,93.8625203312699,70.4236225679817,"Middle East, North Africa, Afghanistan & Pakistan",Abu Dhabi,54.3705,24.4764,High income,Not classified
United Arab Emirates,AE,ARE,2016,,2026-07-01,165.394966240337,381717208620.964,94.4747232332881,70.9202430070485,"Middle East, North Africa, Afghanistan & Pakistan",Abu Dhabi,54.3705,24.4764,High income,Not classified
United Arab Emirates,AE,ARE,2017,,2026-07-01,165.476523652994,403365056078.846,94.737385589121,70.7391380638734,"Middle East, North Africa, Afghanistan & Pakistan",Abu Dhabi,54.3705,24.4764,High income,Not classified
United Arab Emirates,AE,ARE,2018,,2026-07-01,154.747042166299,440560003161.236,90.8429799324319,63.9040622338676,"Middle East, North Africa, Afghanistan & Pakistan",Abu Dhabi,54.3705,24.4764,High income,Not classified
United Arab Emirates,AE,ARE,2019,,2026-07-01,163.822149025614,433926218686.108,93.3023068879995,70.5198421376147,"Middle East, North Africa, Afghanistan & Pakistan",Abu Dhabi,54.3705,24.4764,High income,Not classified
United Arab Emirates,AE,ARE,2020,,2026-07-01,181.291940227998,357161776271.328,98.0724956970145,83.2194445309836,"Middle East, North Africa, Afghanistan & Pakistan",Abu Dhabi,54.3705,24.4764,High income,Not classified
United Arab Emirates,AE,ARE,2021,,2026-07-01,182.909401076776,422441282436.237,100.642599583908,82.2668014928681,"Middle East, North Africa, Afghanistan & Pakistan",Abu Dhabi,54.3705,24.4764,High income,Not classified
United Arab Emirates,AE,ARE,2022,,2026-07-01,185.741660631894,511403404642.173,102.051988781325,83.689671850569,"Middle East, North Africa, Afghanistan & Pakistan",Abu Dhabi,54.3705,24.4764,High income,Not classified
United Arab Emirates,AE,ARE,2023,,2026-07-01,199.044950127107,522622268401.125,106.846123390953,92.1988267361531,"Middle East, North Africa, Afghanistan & Pakistan",Abu Dhabi,54.3705,24.4764,High income,Not classified
United Arab Emirates,AE,ARE,2024,,2026-07-01,NA,552324919095.872,NA,NA,"Middle East, North Africa, Afghanistan & Pakistan",Abu Dhabi,54.3705,24.4764,High income,Not classified
United Arab Emirates,AE,ARE,2025,,2026-07-01,NA,NA,NA,NA,"Middle East, North Africa, Afghanistan & Pakistan",Abu Dhabi,54.3705,24.4764,High income,Not classified
United Kingdom,GB,GBR,1995,,2026-07-01,50.8300766971451,1349094208616.06,25.6967602854533,25.1333164116918,Europe & Central Asia,London,-0.126236,51.5002,High income,Not classified
United Kingdom,GB,GBR,1996,,2026-07-01,52.0576088895797,1425287051482.06,26.2671449164796,25.7904639731001,Europe & Central Asia,London,-0.126236,51.5002,High income,Not classified
United Kingdom,GB,GBR,1997,,2026-07-01,50.7045618383811,1569317288801.57,25.6189888987303,25.0855729396509,Europe & Central Asia,London,-0.126236,51.5002,High income,Not classified
United Kingdom,GB,GBR,1998,,2026-07-01,49.1409088914683,1660821464060.95,24.3214027865864,24.8195061048819,Europe & Central Asia,London,-0.126236,51.5002,High income,Not classified
United Kingdom,GB,GBR,1999,,2026-07-01,49.4683905163429,1693458987218.9,24.2105152537386,25.2578752626043,Europe & Central Asia,London,-0.126236,51.5002,High income,Not classified
United Kingdom,GB,GBR,2000,,2026-07-01,52.3380212335903,1671597821152.97,25.5563430576261,26.7816781759642,Europe & Central Asia,London,-0.126236,51.5002,High income,Not classified
United Kingdom,GB,GBR,2001,,2026-07-01,52.6342367336438,1656171009068.66,25.4493099773846,27.1849267562592,Europe & Central Asia,London,-0.126236,51.5002,High income,Not classified
United Kingdom,GB,GBR,2002,,2026-07-01,51.2361820991323,1790536570743.41,24.4315052325124,26.8046768666199,Europe & Central Asia,London,-0.126236,51.5002,High income,Not classified
United Kingdom,GB,GBR,2003,,2026-07-01,50.0681187039704,2061227755102.04,23.9686749011091,26.0994438028613,Europe & Central Asia,London,-0.126236,51.5002,High income,Not classified
United Kingdom,GB,GBR,2004,,2026-07-01,50.2885521756133,2429774807762.72,23.9845291728171,26.3040230027962,Europe & Central Asia,London,-0.126236,51.5002,High income,Not classified
United Kingdom,GB,GBR,2005,,2026-07-01,52.5442740383211,2551361818181.82,25.2070017509366,27.3372722873845,Europe & Central Asia,London,-0.126236,51.5002,High income,Not classified
United Kingdom,GB,GBR,2006,,2026-07-01,56.7047791729812,2719558417663.29,27.412859926391,29.2919192465902,Europe & Central Asia,London,-0.126236,51.5002,High income,Not classified
United Kingdom,GB,GBR,2007,,2026-07-01,52.7493524964733,3104699879951.98,25.4079803883281,27.3413721081452,Europe & Central Asia,London,-0.126236,51.5002,High income,Not classified
United Kingdom,GB,GBR,2008,,2026-07-01,56.4365501052604,2945251838235.29,27.3794373670982,29.0571127381622,Europe & Central Asia,London,-0.126236,51.5002,High income,Not classified
United Kingdom,GB,GBR,2009,,2026-07-01,54.6537301085991,2429358155475.93,26.7073659504747,27.9463641581244,Europe & Central Asia,London,-0.126236,51.5002,High income,Not classified
United Kingdom,GB,GBR,2010,,2026-07-01,59.0511802227821,2496740681057.14,28.7463664387355,30.3048137840466,Europe & Central Asia,London,-0.126236,51.5002,High income,Not classified
United Kingdom,GB,GBR,2011,,2026-07-01,63.3240615708901,2675590034128.66,31.2649218986254,32.0591396722646,Europe & Central Asia,London,-0.126236,51.5002,High income,Not classified
United Kingdom,GB,GBR,2012,,2026-07-01,61.9688704472535,2719715961539.83,30.4995388300455,31.469331617208,Europe & Central Asia,London,-0.126236,51.5002,High income,Not classified
United Kingdom,GB,GBR,2013,,2026-07-01,61.7195395154583,2796908333283.39,30.2076160154538,31.5119235000045,Europe & Central Asia,London,-0.126236,51.5002,High income,Not classified
United Kingdom,GB,GBR,2014,,2026-07-01,58.8210228333296,3085362169410.29,28.5320090066163,30.2890138267133,Europe & Central Asia,London,-0.126236,51.5002,High income,Not classified
United Kingdom,GB,GBR,2015,,2026-07-01,57.125044605439,2945579890258.46,27.8790736176463,29.2459709877926,Europe & Central Asia,London,-0.126236,51.5002,High income,Not classified
United Kingdom,GB,GBR,2016,,2026-07-01,59.8395315138259,2706807606538.73,29.0615561502528,30.7779753635731,Europe & Central Asia,London,-0.126236,51.5002,High income,Not classified
United Kingdom,GB,GBR,2017,,2026-07-01,63.1899245764158,2699118387873.1,30.9738310965649,32.216093479851,Europe & Central Asia,London,-0.126236,51.5002,High income,Not classified
United Kingdom,GB,GBR,2018,,2026-07-01,64.9097721959201,2897028009916.05,31.854534000688,33.0552381952321,Europe & Central Asia,London,-0.126236,51.5002,High income,Not classified
United Kingdom,GB,GBR,2019,,2026-07-01,65.0035664177054,2875710080015.3,31.9028602803155,33.1007061373899,Europe & Central Asia,London,-0.126236,51.5002,High income,Not classified
United Kingdom,GB,GBR,2020,,2026-07-01,59.1598893030611,2724001478304.59,29.9486520576829,29.2112372453782,Europe & Central Asia,London,-0.126236,51.5002,High income,Not classified
United Kingdom,GB,GBR,2021,,2026-07-01,58.53838629291,3194559188925.93,29.2894071087705,29.2489791841395,Europe & Central Asia,London,-0.126236,51.5002,High income,Not classified
United Kingdom,GB,GBR,2022,,2026-07-01,69.1989264413981,3181244350465.41,34.0619283837069,35.1369980576912,Europe & Central Asia,London,-0.126236,51.5002,High income,Not classified
United Kingdom,GB,GBR,2023,,2026-07-01,64.9923841747803,3420796653789.08,31.9122697629938,33.0801144117865,Europe & Central Asia,London,-0.126236,51.5002,High income,Not classified
United Kingdom,GB,GBR,2024,,2026-07-01,62.839052044584,3695539513534.15,31.0561435739375,31.7829084706465,Europe & Central Asia,London,-0.126236,51.5002,High income,Not classified
United Kingdom,GB,GBR,2025,,2026-07-01,62.4573294634195,4002587541846.01,30.5969582161816,31.8603712472379,Europe & Central Asia,London,-0.126236,51.5002,High income,Not classified
United States,US,USA,1995,,2026-07-01,22.4533816490568,7639749000000,10.639223880261,11.8141577687958,North America,Washington D.C.,-77.032,38.8895,High income,Not classified
United States,US,USA,1996,,2026-07-01,22.6870719902412,8073122000000,10.7466355642836,11.9404364259576,North America,Washington D.C.,-77.032,38.8895,High income,Not classified
United States,US,USA,1997,,2026-07-01,23.4283278026178,8577552000000,11.1197577117574,12.3085700908604,North America,Washington D.C.,-77.032,38.8895,High income,Not classified
United States,US,USA,1998,,2026-07-01,22.8258939797637,9062817000000,10.5152625281963,12.3106314515674,North America,Washington D.C.,-77.032,38.8895,High income,Not classified
United States,US,USA,1999,,2026-07-01,23.3135697296238,9631172000000,10.3093372229257,13.004232506698,North America,Washington D.C.,-77.032,38.8895,High income,Not classified
United States,US,USA,2000,,2026-07-01,25.1029855568536,10250952000000,10.6927727297913,14.410212827062299,North America,Washington D.C.,-77.032,38.8895,High income,Not classified
United States,US,USA,2001,,2026-07-01,22.9671830154975,10581929000000,9.70344820873397,13.2637348067635,North America,Washington D.C.,-77.032,38.8895,High income,Not classified
United States,US,USA,2002,,2026-07-01,22.2863842136065,10929108000000,9.13138565379718,13.1549985598093,North America,Washington D.C.,-77.032,38.8895,High income,Not classified
United States,US,USA,2003,,2026-07-01,22.6272972866813,11456450000000,9.03565240541354,13.5916448812678,North America,Washington D.C.,-77.032,38.8895,High income,Not classified
United States,US,USA,2004,,2026-07-01,24.4480566571904,12217196000000,9.62874787307988,14.8193087841105,North America,Washington D.C.,-77.032,38.8895,High income,Not classified
United States,US,USA,2005,,2026-07-01,25.6385573436769,13039197000000,9.98205641037558,15.6565009333013,North America,Washington D.C.,-77.032,38.8895,High income,Not classified
United States,US,USA,2006,,2026-07-01,26.9752858058903,13815583000000,10.641389509223,16.3338962966673,North America,Washington D.C.,-77.032,38.8895,High income,Not classified
United States,US,USA,2007,,2026-07-01,28.0120155631098,14474228000000,11.4637892950146,16.5482262680953,North America,Washington D.C.,-77.032,38.8895,High income,Not classified
United States,US,USA,2008,,2026-07-01,29.8677875257061,14769862000000,12.4258439246081,17.441943601098,North America,Washington D.C.,-77.032,38.8895,High income,Not classified
United States,US,USA,2009,,2026-07-01,24.759527635837,14478067000000,10.9322190593537,13.8273085764833,North America,Washington D.C.,-77.032,38.8895,High income,Not classified
United States,US,USA,2010,,2026-07-01,28.2198829408336,15048971000000,12.3413554322086,15.878527508625,North America,Washington D.C.,-77.032,38.8895,High income,Not classified
United States,US,USA,2011,,2026-07-01,30.842478575914,15599732000000,13.5634637825829,17.2790147933311,North America,Washington D.C.,-77.032,38.8895,High income,Not classified
United States,US,USA,2012,,2026-07-01,30.681839575193,16253970000000,13.6440512687054,17.0377883064876,North America,Washington D.C.,-77.032,38.8895,High income,Not classified
United States,US,USA,2013,,2026-07-01,29.9413062848227,16880683000000,13.5534918818154,16.3878144030073,North America,Washington D.C.,-77.032,38.8895,High income,Not classified
United States,US,USA,2014,,2026-07-01,29.906569337428,17608138000000,13.5082142132235,16.3983551242045,North America,Washington D.C.,-77.032,38.8895,High income,Not classified
United States,US,USA,2015,,2026-07-01,27.6882139340768,18295019000000,12.4111486301271,15.2770653039497,North America,Washington D.C.,-77.032,38.8895,High income,Not classified
United States,US,USA,2016,,2026-07-01,26.4525977865465,18804913000000,11.8881592273253,14.5644385592212,North America,Washington D.C.,-77.032,38.8895,High income,Not classified
United States,US,USA,2017,,2026-07-01,27.1253382222874,19612102000000,12.177481026766,14.9478571955214,North America,Washington D.C.,-77.032,38.8895,High income,Not classified
United States,US,USA,2018,,2026-07-01,27.4453591302618,20656516000000,12.2871107596266,15.1582483706352,North America,Washington D.C.,-77.032,38.8895,High income,Not classified
United States,US,USA,2019,,2026-07-01,26.2584806245428,21539982000000,11.7891974097286,14.4692832148142,North America,Washington D.C.,-77.032,38.8895,High income,Not classified
United States,US,USA,2020,,2026-07-01,23.1399437509149,21375281000000,10.1230809550527,13.0168627958622,North America,Washington D.C.,-77.032,38.8895,High income,Not classified
United States,US,USA,2021,,2026-07-01,25.2327260228331,23725645000000,10.8266687797107,14.4060572431224,North America,Washington D.C.,-77.032,38.8895,High income,Not classified
United States,US,USA,2022,,2026-07-01,26.9078981557739,26054614000000,11.6540970440015,15.2538011117724,North America,Washington D.C.,-77.032,38.8895,High income,Not classified
United States,US,USA,2023,,2026-07-01,24.9292981752847,27811517000000,11.0506737190927,13.878624456192,North America,Washington D.C.,-77.032,38.8895,High income,Not classified
United States,US,USA,2024,,2026-07-01,25.0160172978284,29298013000000,10.97469647515,14.0413208226783,North America,Washington D.C.,-77.032,38.8895,High income,Not classified
United States,US,USA,2025,,2026-07-01,NA,30769700000000,NA,NA,North America,Washington D.C.,-77.032,38.8895,High income,Not classified
World,1W,WLD,1995,,2026-07-01,42.7420556467555,31338014339198.1,20.6096414281902,20.1395492356702,Aggregates,,,,Aggregates,Aggregates
World,1W,WLD,1996,,2026-07-01,42.8247378157967,32064860700885.1,21.0365144458652,20.6380441331097,Aggregates,,,,Aggregates,Aggregates
World,1W,WLD,1997,,2026-07-01,44.6336899573458,31954804098164.9,21.9085788170365,21.3703145983822,Aggregates,,,,Aggregates,Aggregates
World,1W,WLD,1998,,2026-07-01,45.2911120289212,31780795899557.2,21.7897412735951,21.3508360529575,Aggregates,,,,Aggregates,Aggregates
World,1W,WLD,1999,,2026-07-01,45.7602465354156,32829035976968.2,21.8705146365869,21.6005055848625,Aggregates,,,,Aggregates,Aggregates
World,1W,WLD,2000,,2026-07-01,50.1204338130989,33965806441911.9,23.4155367138943,23.3851585493873,Aggregates,,,,Aggregates,Aggregates
World,1W,WLD,2001,,2026-07-01,49.0109769807307,33747838963540,22.8422016983207,22.8793819760617,Aggregates,,,,Aggregates,Aggregates
World,1W,WLD,2002,,2026-07-01,49.0031601235854,35048255697763.3,23.0931189850775,22.9206836027725,Aggregates,,,,Aggregates,Aggregates
World,1W,WLD,2003,,2026-07-01,50.6553978296548,39288473726074.5,23.8581850782253,23.7011544495897,Aggregates,,,,Aggregates,Aggregates
World,1W,WLD,2004,,2026-07-01,54.194646796519,44264898214305.3,25.711382828929,25.4828470017015,Aggregates,,,,Aggregates,Aggregates
World,1W,WLD,2005,,2026-07-01,56.2196248891194,47938461749088.8,26.9657520821338,26.6706252702095,Aggregates,,,,Aggregates,Aggregates
World,1W,WLD,2006,,2026-07-01,58.3626190327813,51965655998564.4,28.6085879852901,28.1123836913082,Aggregates,,,,Aggregates,Aggregates
World,1W,WLD,2007,,2026-07-01,58.7423508494896,58574302755950.8,29.5557805539087,28.8870184592409,Aggregates,,,,Aggregates,Aggregates
World,1W,WLD,2008,,2026-07-01,60.3226348636262,64378551514749.4,30.6928407075336,30.144498750845,Aggregates,,,,Aggregates,Aggregates
World,1W,WLD,2009,,2026-07-01,51.8943285617121,61049315651690.3,26.1681408236416,25.5273629567982,Aggregates,,,,Aggregates,Aggregates
World,1W,WLD,2010,,2026-07-01,56.1928236203117,66893676131662.8,28.4066725343369,27.6289901195249,Aggregates,,,,Aggregates,Aggregates
World,1W,WLD,2011,,2026-07-01,59.3107109256613,74388644404622.5,30.2511364050789,29.4125680435201,Aggregates,,,,Aggregates,Aggregates
World,1W,WLD,2012,,2026-07-01,59.2953615574382,76055253368044.6,30.021947362552,29.1136705617962,Aggregates,,,,Aggregates,Aggregates
World,1W,WLD,2013,,2026-07-01,58.6308037331573,78171001460419,30.0216702644806,29.0721813449547,Aggregates,,,,Aggregates,Aggregates
World,1W,WLD,2014,,2026-07-01,58.0267788162164,80243543597078.9,29.7347843037895,28.8565789808927,Aggregates,,,,Aggregates,Aggregates
World,1W,WLD,2015,,2026-07-01,55.6181865121386,75839351828606.2,28.0495689042811,27.2961891347011,Aggregates,,,,Aggregates,Aggregates
World,1W,WLD,2016,,2026-07-01,53.7908953963337,77084966373474,27.0845087597038,26.3476668746597,Aggregates,,,,Aggregates,Aggregates
World,1W,WLD,2017,,2026-07-01,55.4551756398449,82110104984460,28.0049092375751,27.2581939316021,Aggregates,,,,Aggregates,Aggregates
World,1W,WLD,2018,,2026-07-01,56.989700265917,87310840056717.8,28.8775959880909,28.2036793090721,Aggregates,,,,Aggregates,Aggregates
World,1W,WLD,2019,,2026-07-01,55.8007220789098,88796498078977.7,27.9427827143405,27.3994278292694,Aggregates,,,,Aggregates,Aggregates
World,1W,WLD,2020,,2026-07-01,51.8676146705359,86388502867289.2,26.0288825961024,25.3807387283601,Aggregates,,,,Aggregates,Aggregates
World,1W,WLD,2021,,2026-07-01,56.498994335193,98780038374127,28.4640230985895,27.5322845788393,Aggregates,,,,Aggregates,Aggregates
World,1W,WLD,2022,,2026-07-01,62.1470721214396,102862471365575,30.7214011310868,29.950740966666,Aggregates,,,,Aggregates,Aggregates
World,1W,WLD,2023,,2026-07-01,58.0658951471515,107348614073350,29.0719076019522,28.2980465563442,Aggregates,,,,Aggregates,Aggregates
World,1W,WLD,2024,,2026-07-01,56.7228465365692,111669432109121,29.0778030379811,28.1121512588265,Aggregates,,,,Aggregates,Aggregates
World,1W,WLD,2025,,2026-07-01,68.4920790757033,118350166039396,29.4807508820934,28.4991941096843,Aggregates,,,,Aggregates,Aggregates
